Fun,number,p
RNA Polymerase II Transcription Termination,6,9
Antiviral mechanism by IFN-stimulated genes,4,5
Interferon Signaling,5,5
Cell Cycle,5,3
Immune System,8,3
Cytokine Signaling in Immune system,5,3
Signaling by FGFR in disease,2,2
Regulation of HSF1-mediated heat shock response,2,2
Transcriptional Regulation by TP53,3,2
DEx/H-box helicases activate type I IFN and inflammatory cytokines production ,1,2
Regulation of TP53 Activity,2,2
IRF3-mediated induction of type I IFN,1,2
ESR-mediated signaling,2,2
Regulation of TP53 Activity through Acetylation,1,1
SMAD2/SMAD3:SMAD4 heterotrimer regulates transcription,1,1
