"SUID","adjustedPValue_DNBs","description_DNBs","N_DNBs","name","nn_DNBs","nodeFillColor_DNBs","nodeFontSize_DNBs","nodeSize_DNBs","nodeType_DNBs","pValue_DNBs","selected","shared name","X_DNBs","xx_DNBs"
"62","5.4126E-4","chromatin assembly or disassembly","14285","6333","127","3.2665959317450537","14","7.745966692414834","ellipse","1.3785E-5","false","6333","459","15"
"63","1.9073E-2","chromatin disassembly","14285","31498","7","1.719577333453403","14","3.4641016151377544","ellipse","1.0474E-3","false","31498","459","3"
"65","3.2043E-2","macromolecular complex subunit organization","14285","43933","724","1.494261813990817","14","12.328828005937952","ellipse","2.0147E-3","false","43933","459","38"
"66","1.1300E-1","macromolecular complex assembly","14285","65003","676","0.9469101256899393","14","11.489125293076057","ellipse","1.1152E-2","false","65003","459","33"
"68","9.4845E-1","system development","14285","48731","2422","0.022987293743487434","14","16.492422502470642","ellipse","9.0580E-1","false","48731","459","68"
"69","2.1803E-3","immune system development","14285","2520","275","2.6614934279655027","14","9.38083151964686","ellipse","8.1553E-5","false","2520","459","22"
"71","5.8909E-2","biological regulation","14285","65007","6938","1.229818763882319","14","31.68595903550972","ellipse","4.4305E-3","false","65007","459","251"
"72","2.0906E-2","regulation of biological process","14285","50789","6550","1.6797279333207906","14","31.176914536239792","ellipse","1.1647E-3","false","50789","459","243"
"74","1.1595E-10","cellular metabolic process","14285","44237","4979","9.93572528085926","14","30.72458299147443","ellipse","1.0753E-13","false","44237","459","236"
"75","1.5407E-6","cellular nitrogen compound metabolic process","14285","34641","2073","5.81228225648002","14","21.071307505705477","ellipse","1.7047E-8","false","34641","459","111"
"77","6.7950E-3","DNA metabolic process","14285","6259","517","2.1678104268899654","14","11.313708498984761","ellipse","3.0825E-4","false","6259","459","32"
"78","3.7082E-1","DNA recombination","14285","6310","105","0.4308358376870163","14","4.898979485566356","ellipse","1.2207E-1","false","6310","459","6"
"80","2.3424E-2","regulation of metabolic process","14285","19222","3917","1.63034718453682","14","24.899799195977465","ellipse","1.3888E-3","false","19222","459","155"
"82","1.0000","biological_process","14285","8150","14285","-0.0","14","42.8485705712571","ellipse","1.0000","false","8150","459","459"
"83","5.2471E-1","signaling","14285","23052","3130","0.2800778300033359","14","20.688160865577203","ellipse","2.4658E-1","false","23052","459","107"
"85","5.0892E-2","regulation of protein modification process","14285","31399","366","1.2933499251724943","14","9.38083151964686","ellipse","3.7185E-3","false","31399","459","22"
"86","3.2105E-3","negative regulation of protein modification process","14285","31400","137","2.4934216561542244","14","7.483314773547883","ellipse","1.3159E-4","false","31400","459","14"
"88","2.8295E-3","programmed cell death","14285","12501","577","2.5482836167735727","14","12.0","ellipse","1.1147E-4","false","12501","459","36"
"89","4.0833E-3","apoptosis","14285","6915","567","2.3889888225475358","14","11.832159566199232","ellipse","1.7061E-4","false","6915","459","35"
"91","7.1128E-8","modification-dependent protein catabolic process","14285","19941","280","7.147957544096011","14","11.313708498984761","ellipse","4.5287E-10","false","19941","459","32"
"92","5.1171E-8","ubiquitin-dependent protein catabolic process","14285","6511","275","7.290979198737144","14","11.313708498984761","ellipse","2.8507E-10","false","6511","459","32"
"94","3.3413E-1","positive regulation of immune system process","14285","2684","265","0.47609080753760374","14","7.211102550927978","ellipse","8.6388E-2","false","2684","459","13"
"95","1.0351E-1","positive regulation of antigen receptor-mediated signaling pathway","14285","50857","5","0.9850195082604065","14","2.8284271247461903","ellipse","9.6590E-3","false","50857","459","2"
"97","1.0351E-1","positive regulation of cellular biosynthetic process","14285","31328","719","0.9850195082604065","14","11.832159566199232","ellipse","9.4850E-3","false","31328","459","35"
"98","4.6631E-2","positive regulation of transcription","14285","45941","574","1.331321540458084","14","11.135528725660043","ellipse","3.3586E-3","false","45941","459","31"
"100","5.6179E-4","regulation of ligase activity","14285","51340","84","3.250429248883039","14","6.928203230275509","ellipse","1.4531E-5","false","51340","459","12"
"101","7.0751E-4","positive regulation of ligase activity","14285","51351","73","3.1502660781185767","14","6.6332495807108","ellipse","1.9708E-5","false","51351","459","11"
"103","1.1625E-2","cellular macromolecular complex assembly","14285","34622","316","1.9346098334988495","14","9.38083151964686","ellipse","5.7824E-4","false","34622","459","22"
"104","1.4505E-2","protein-DNA complex assembly","14285","65004","92","1.8384797193156508","14","6.324555320336759","ellipse","7.2727E-4","false","65004","459","10"
"106","1.5725E-7","cellular protein metabolic process","14285","44267","2148","6.80339992590167","14","21.72556098240043","ellipse","1.0638E-9","false","44267","459","118"
"107","8.2055E-4","translation","14285","6412","291","3.0858970183685255","14","9.797958971132712","ellipse","2.3836E-5","false","6412","459","24"
"109","6.1055E-4","cellular localization","14285","51641","977","3.2142798133729675","14","14.966629547095765","ellipse","1.6219E-5","false","51641","459","56"
"110","4.0164E-4","establishment of localization in cell","14285","51649","865","3.396168062486597","14","14.422205101855956","ellipse","9.1099E-6","false","51649","459","52"
"112","3.1474E-8","cellular protein catabolic process","14285","44257","312","7.502049730146329","14","11.832159566199232","ellipse","1.1272E-10","false","44257","459","35"
"113","2.7052E-8","proteolysis involved in cellular protein catabolic process","14285","51603","309","7.567792854178583","14","11.832159566199232","ellipse","8.6120E-11","false","51603","459","35"
"115","4.2946E-2","somatic diversification of T cell receptor genes","14285","2568","3","1.367075489296646","14","2.8284271247461903","ellipse","3.0249E-3","false","2568","459","2"
"116","4.2946E-2","somatic recombination of T cell receptor gene segments","14285","2681","3","1.367075489296646","14","2.8284271247461903","ellipse","3.0249E-3","false","2681","459","2"
"118","4.7563E-8","protein catabolic process","14285","30163","337","7.322726636025137","14","12.0","ellipse","2.4133E-10","false","30163","459","36"
"120","1.1439E-3","regulation of protein metabolic process","14285","51246","635","2.9416018970667497","14","12.649110640673518","ellipse","3.7327E-5","false","51246","459","40"
"121","6.1950E-4","negative regulation of protein metabolic process","14285","51248","212","3.2079557843750424","14","8.94427190999916","ellipse","1.6763E-5","false","51248","459","20"
"123","2.2020E-1","regulation of macromolecule biosynthetic process","14285","10556","2876","0.6571794897682091","14","20.784609690826528","ellipse","3.8926E-2","false","10556","459","108"
"124","2.9071E-1","regulation of transcription","14285","45449","2621","0.5365430386063587","14","19.697715603592208","ellipse","6.7905E-2","false","45449","459","97"
"126","2.2254E-3","positive regulation of macromolecule metabolic process","14285","10604","940","2.6525919644670277","14","14.422205101855956","ellipse","8.4128E-5","false","10604","459","52"
"127","1.8248E-2","positive regulation of protein metabolic process","14285","51247","307","1.7387738284305134","14","9.16515138991168","ellipse","9.5853E-4","false","51247","459","21"
"129","1.4153E-3","intracellular protein transport","14285","6886","364","2.849142680894704","14","10.392304845413264","ellipse","4.8999E-5","false","6886","459","27"
"130","6.8628E-3","retrograde protein transport, ER to cytosol","14285","30970","5","2.163496185949229","14","3.4641016151377544","ellipse","3.1406E-4","false","30970","459","3"
"132","1.3062E-1","small GTPase mediated signal transduction","14285","7264","292","0.883990546047209","14","8.246211251235321","ellipse","1.3514E-2","false","7264","459","17"
"133","4.0961E-1","Ras protein signal transduction","14285","7265","112","0.3876322688363713","14","4.898979485566356","ellipse","1.5175E-1","false","7265","459","6"
"135","3.3430E-5","proteasomal protein catabolic process","14285","10498","139","4.475858917860086","14","8.48528137423857","ellipse","4.9221E-7","false","10498","459","18"
"137","8.5933E-1","cell proliferation","14285","8283","434","0.06583905648072887","14","6.928203230275509","ellipse","7.4329E-1","false","8283","459","12"
"139","3.5193E-4","negative regulation of ligase activity","14285","51352","66","3.453540398003692","14","6.6332495807108","ellipse","7.2823E-6","false","51352","459","11"
"141","1.3348E-1","response to organic substance","14285","10033","869","0.8745833749816312","14","12.649110640673518","ellipse","1.3882E-2","false","10033","459","40"
"142","2.3043E-2","response to protein stimulus","14285","51789","117","1.6374599263350946","14","6.6332495807108","ellipse","1.3571E-3","false","51789","459","11"
"144","1.4289E-10","gene expression","14285","10467","1260","9.845011918816763","14","18.973665961010276","ellipse","2.2743E-13","false","10467","459","90"
"147","1.5631E-2","regulation of antigen receptor-mediated signaling pathway","14285","50854","14","1.806017883265331","14","4.0","ellipse","8.1482E-4","false","50854","459","4"
"148","8.8077E-3","regulation of T cell receptor signaling pathway","14285","50856","12","2.0551387432390382","14","4.0","ellipse","4.2409E-4","false","50856","459","4"
"150","4.0833E-3","nuclear import","14285","51170","77","2.3889888225475358","14","6.324555320336759","ellipse","1.6971E-4","false","51170","459","10"
"151","2.9834E-3","protein import into nucleus","14285","6606","74","2.525281657222273","14","6.324555320336759","ellipse","1.2109E-4","false","6606","459","10"
"153","2.1803E-3","cellular response to stimulus","14285","51716","987","2.6614934279655027","14","14.696938456699069","ellipse","8.1444E-5","false","51716","459","54"
"154","1.3774E-3","cellular response to stress","14285","33554","619","2.8609372790978154","14","12.489995996796797","ellipse","4.6590E-5","false","33554","459","39"
"156","7.1891E-7","lymphocyte activation","14285","46649","186","6.143327797543762","14","9.797958971132712","ellipse","6.5797E-9","false","46649","459","24"
"157","1.6543E-7","T cell activation","14285","42110","119","6.781389092033937","14","8.94427190999916","ellipse","1.1849E-9","false","42110","459","20"
"159","1.0917E-3","protein folding","14285","6457","170","2.961879805697465","14","8.246211251235321","ellipse","3.4097E-5","false","6457","459","17"
"161","3.3499E-4","immune system process","14285","2376","947","3.474967790383104","14","14.966629547095765","ellipse","6.5318E-6","false","2376","459","56"
"163","4.2946E-2","T cell receptor V(D)J recombination","14285","33153","3","1.367075489296646","14","2.8284271247461903","ellipse","3.0249E-3","false","33153","459","2"
"165","1.5626E-2","energy derivation by oxidation of organic compounds","14285","15980","145","1.8061412737375115","14","7.211102550927978","ellipse","8.0523E-4","false","15980","459","13"
"166","1.9073E-2","cellular respiration","14285","45333","96","1.719577333453403","14","6.324555320336759","ellipse","1.0154E-3","false","45333","459","10"
"168","8.3017E-1","developmental process","14285","32502","3235","0.0808322578777861","14","20.0","ellipse","6.9028E-1","false","32502","459","100"
"169","7.0513E-1","cellular developmental process","14285","48869","1714","0.15172783801224032","14","14.966629547095765","ellipse","4.6831E-1","false","48869","459","56"
"171","1.0934E-2","regulation of macromolecule metabolic process","14285","60255","3376","1.9612216774094609","14","23.57965224510319","ellipse","5.3580E-4","false","60255","459","139"
"173","1.0668E-1","macromolecular complex disassembly","14285","32984","27","0.9719289464485782","14","4.0","ellipse","1.0273E-2","false","32984","459","4"
"174","1.0668E-1","cellular macromolecular complex disassembly","14285","34623","27","0.9719289464485782","14","4.0","ellipse","1.0273E-2","false","34623","459","4"
"176","1.8649E-4","cellular component organization","14285","16043","2560","3.729336731658085","14","22.0","ellipse","3.1911E-6","false","16043","459","121"
"179","1.0351E-1","ATP synthesis coupled electron transport","14285","42773","57","0.9850195082604065","14","4.898979485566356","ellipse","9.6796E-3","false","42773","459","6"
"180","1.0351E-1","mitochondrial ATP synthesis coupled electron transport","14285","42775","57","0.9850195082604065","14","4.898979485566356","ellipse","9.6796E-3","false","42775","459","6"
"182","1.1595E-10","cellular process","14285","9987","9355","9.93572528085926","14","38.52272056851645","ellipse","1.3842E-13","false","9987","459","371"
"183","2.8962E-2","translational initiation","14285","6413","28","1.5381699214410467","14","4.47213595499958","ellipse","1.7864E-3","false","6413","459","5"
"186","2.2515E-3","protein targeting","14285","6605","201","2.6475313756453835","14","8.48528137423857","ellipse","8.6906E-5","false","6605","459","18"
"188","4.5177E-1","signaling pathway","14285","23033","2100","0.3450780557739919","14","17.320508075688775","ellipse","1.7285E-1","false","23033","459","75"
"189","3.2265E-1","intracellular signaling pathway","14285","23034","1158","0.491273751547368","14","13.564659966250536","ellipse","7.7805E-2","false","23034","459","46"
"191","4.0598E-2","positive regulation of cellular protein metabolic process","14285","32270","290","1.391497784567769","14","8.717797887081348","ellipse","2.6817E-3","false","32270","459","19"
"192","2.2647E-2","positive regulation of protein modification process","14285","31401","231","1.6449914151693295","14","8.246211251235321","ellipse","1.3067E-3","false","31401","459","17"
"194","4.3520E-4","positive regulation of protein ubiquitination","14285","31398","95","3.361310283991734","14","7.211102550927978","ellipse","1.0391E-5","false","31398","459","13"
"196","9.2205E-1","anatomical structure development","14285","48856","2656","0.0352470493817393","14","17.549928774784245","ellipse","8.6004E-1","false","48856","459","77"
"198","2.7414E-1","regulation of nitrogen compound metabolic process","14285","51171","3038","0.5620280187992819","14","21.166010488516726","ellipse","5.5402E-2","false","51171","459","112"
"200","5.0542E-4","cellular macromolecular complex subunit organization","14285","34621","356","3.2963502912506515","14","10.583005244258363","ellipse","1.2268E-5","false","34621","459","28"
"201","1.2492E-3","nucleosome organization","14285","34728","93","2.9033508726679327","14","6.928203230275509","ellipse","4.1261E-5","false","34728","459","12"
"203","2.2090E-2","regulation of cellular metabolic process","14285","31323","3734","1.6558137786890101","14","24.413111231467404","ellipse","1.2658E-3","false","31323","459","149"
"204","7.1144E-1","regulation of phosphorus metabolic process","14285","51174","542","0.147858718805716","14","8.48528137423857","ellipse","4.7726E-1","false","51174","459","18"
"206","5.1780E-4","negative regulation of biological process","14285","48519","2019","3.285837652435353","14","19.79898987322333","ellipse","1.2775E-5","false","48519","459","98"
"207","3.7575E-4","negative regulation of cellular process","14285","48523","1843","3.4251061320614737","14","19.183326093250876","ellipse","8.3148E-6","false","48523","459","92"
"209","7.1128E-8","modification-dependent macromolecule catabolic process","14285","43632","280","7.147957544096011","14","11.313708498984761","ellipse","4.5287E-10","false","43632","459","32"
"211","6.3973E-1","cell projection organization","14285","30030","363","0.1940017932999505","14","7.211102550927978","ellipse","3.8444E-1","false","30030","459","13"
"212","1.9073E-2","uropod organization","14285","32796","2","1.719577333453403","14","2.8284271247461903","ellipse","1.0303E-3","false","32796","459","2"
"214","2.1706E-1","post-translational protein modification","14285","43687","1262","0.6634265693367178","14","14.422205101855956","ellipse","3.7018E-2","false","43687","459","52"
"215","3.3142E-2","histone modification","14285","16570","142","1.4796200958829244","14","6.928203230275509","ellipse","2.0969E-3","false","16570","459","12"
"217","7.9625E-1","regulation of signaling pathway","14285","35466","1003","0.09894979220507451","14","11.135528725660043","ellipse","6.1723E-1","false","35466","459","31"
"219","2.5546E-1","regulation of molecular function","14285","65009","1062","0.5926835588275466","14","13.2664991614216","ellipse","4.8794E-2","false","65009","459","44"
"221","6.8183E-1","cell differentiation","14285","30154","1668","0.16632476167327176","14","14.832396974191326","ellipse","4.4001E-1","false","30154","459","55"
"222","1.6274E-3","leukocyte differentiation","14285","2521","127","2.788492691176779","14","7.483314773547883","ellipse","5.7637E-5","false","2521","459","14"
"224","1.2347E-1","regulation of gene expression","14285","10468","2927","0.9084522302888415","14","21.354156504062622","ellipse","1.2381E-2","false","10468","459","114"
"225","7.8781E-2","positive regulation of gene expression","14285","10628","602","1.1035804870887556","14","11.135528725660043","ellipse","6.6594E-3","false","10628","459","31"
"227","4.2946E-2","cleavage of cytoskeletal proteins involved in apoptosis","14285","6923","3","1.367075489296646","14","2.8284271247461903","ellipse","3.0249E-3","false","6923","459","2"
"228","4.2946E-2","cleavage of lamin","14285","6922","3","1.367075489296646","14","2.8284271247461903","ellipse","3.0249E-3","false","6922","459","2"
"230","2.0096E-3","generation of precursor metabolites and energy","14285","6091","312","2.6968802328018904","14","9.797958971132712","ellipse","7.2773E-5","false","6091","459","24"
"232","5.9325E-2","regulation of transforming growth factor-beta production","14285","71634","11","1.2267655174181666","14","3.4641016151377544","ellipse","4.4853E-3","false","71634","459","3"
"233","7.1194E-2","regulation of transforming growth factor-beta1 production","14285","32908","4","1.1475572604085365","14","2.8284271247461903","ellipse","5.9210E-3","false","32908","459","2"
"235","1.4589E-3","lymphocyte differentiation","14285","30098","95","2.835971503693859","14","6.928203230275509","ellipse","5.1088E-5","false","30098","459","12"
"237","8.2841E-2","positive regulation of nucleobase, nucleoside, nucleotide and nucleic acid metabolic process","14285","45935","655","1.081753055592427","14","11.489125293076057","ellipse","7.1534E-3","false","45935","459","33"
"239","4.2266E-4","regulation of ubiquitin-protein ligase activity involved in mitotic cell cycle","14285","51439","68","3.374008557980598","14","6.6332495807108","ellipse","9.8102E-6","false","51439","459","11"
"240","2.2097E-4","negative regulation of ubiquitin-protein ligase activity involved in mitotic cell cycle","14285","51436","62","3.655670483006428","14","6.6332495807108","ellipse","3.8689E-6","false","51436","459","11"
"242","2.0656E-5","metabolic process","14285","8152","5947","4.6849480840995845","14","31.240998703626616","ellipse","2.7947E-7","false","8152","459","244"
"243","2.3503E-5","nitrogen compound metabolic process","14285","6807","2191","4.628875915833042","14","21.071307505705477","ellipse","3.2734E-7","false","6807","459","111"
"245","2.7414E-1","regulation of nucleobase, nucleoside, nucleotide and nucleic acid metabolic process","14285","19219","3012","0.5620280187992819","14","21.071307505705477","ellipse","5.6961E-2","false","19219","459","111"
"247","1.0177E-1","establishment of localization","14285","51234","2609","0.9923805505316997","14","20.396078054371138","ellipse","9.0714E-3","false","51234","459","104"
"249","1.0917E-3","regulation of protein ubiquitination","14285","31396","121","2.961879805697465","14","7.483314773547883","ellipse","3.3567E-5","false","31396","459","14"
"250","1.1439E-3","negative regulation of protein ubiquitination","14285","31397","78","2.9416018970667497","14","6.6332495807108","ellipse","3.7291E-5","false","31397","459","11"
"252","9.2009E-7","mRNA metabolic process","14285","16071","367","6.036171711307738","14","11.832159566199232","ellipse","8.7871E-9","false","16071","459","35"
"253","1.5407E-6","mRNA processing","14285","6397","307","5.81228225648002","14","11.135528725660043","ellipse","1.6982E-8","false","6397","459","31"
"255","2.7962E-7","organelle organization","14285","6996","1380","6.55343455021301","14","18.439088914585774","ellipse","2.4479E-9","false","6996","459","85"
"257","2.7052E-8","RNA metabolic process","14285","16070","964","7.567792854178583","14","16.73320053068151","ellipse","8.1908E-11","false","16070","459","70"
"258","2.6588E-7","RNA processing","14285","6396","566","6.575321882162076","14","13.711309200802088","ellipse","2.2218E-9","false","6396","459","47"
"261","6.5831E-1","phosphate metabolic process","14285","6796","947","0.18156764033364986","14","11.313708498984761","ellipse","4.0945E-1","false","6796","459","32"
"262","6.3973E-1","phosphorylation","14285","16310","784","0.1940017932999505","14","10.392304845413264","ellipse","3.8235E-1","false","16310","459","27"
"265","5.2130E-4","positive regulation of ubiquitin-protein ligase activity","14285","51443","70","3.2829107272343108","14","6.6332495807108","ellipse","1.3069E-5","false","51443","459","11"
"267","5.5244E-1","intracellular signal transduction","14285","35556","833","0.2577176219915803","14","10.954451150103322","ellipse","2.8336E-1","false","35556","459","30"
"269","3.7550E-4","positive regulation of biological process","14285","48518","2207","3.4253911322754993","14","20.591260281974","ellipse","8.0688E-6","false","48518","459","106"
"270","3.7082E-1","positive regulation of multicellular organismal process","14285","51240","278","0.4308358376870163","14","7.211102550927978","ellipse","1.1365E-1","false","51240","459","13"
"272","6.6843E-4","negative regulation of metabolic process","14285","9892","864","3.174946104199831","14","14.2828568570857","ellipse","1.8353E-5","false","9892","459","51"
"273","1.6601E-3","negative regulation of cellular metabolic process","14285","31324","786","2.779858998179074","14","13.564659966250536","ellipse","5.9455E-5","false","31324","459","46"
"276","1.4105E-3","protein localization","14285","8104","920","2.8506208494985232","14","14.422205101855956","ellipse","4.8271E-5","false","8104","459","52"
"277","3.4867E-4","establishment of protein localization","14285","45184","766","3.4575830846647366","14","13.856406460551018","ellipse","6.9374E-6","false","45184","459","48"
"279","2.9008E-3","regulation of cellular process","14285","50794","6220","2.537484720107522","14","30.919249667480614","ellipse","1.1601E-4","false","50794","459","239"
"280","2.8702E-2","regulation of cell death","14285","10941","867","1.5420913744237594","14","13.2664991614216","ellipse","1.7589E-3","false","10941","459","44"
"282","1.5407E-6","nuclear mRNA splicing, via spliceosome","14285","398","88","5.81228225648002","14","8.0","ellipse","1.7167E-8","false","398","459","16"
"285","7.7530E-3","cellular protein localization","14285","34613","433","2.110528054683038","14","10.583005244258363","ellipse","3.6405E-4","false","34613","459","28"
"286","2.0909E-2","protein localization in organelle","14285","33365","151","1.6796610964327177","14","7.211102550927978","ellipse","1.1732E-3","false","33365","459","13"
"288","6.2299E-3","regulation of cellular protein metabolic process","14285","32268","559","2.2055210293681853","14","11.661903789690601","ellipse","2.7765E-4","false","32268","459","34"
"290","2.4852E-2","regulation of programmed cell death","14285","43067","860","1.6046419882652128","14","13.2664991614216","ellipse","1.5032E-3","false","43067","459","44"
"292","6.2286E-2","somatic cell DNA recombination","14285","16444","22","1.2056097077601298","14","4.0","ellipse","4.8580E-3","false","16444","459","4"
"294","1.1001E-3","catabolic process","14285","9056","1004","2.9585688411248845","14","14.966629547095765","ellipse","3.5021E-5","false","9056","459","56"
"295","1.7736E-7","macromolecule catabolic process","14285","9057","501","6.751147154588152","14","13.2664991614216","ellipse","1.3410E-9","false","9057","459","44"
"298","8.0674E-4","negative regulation of macromolecule metabolic process","14285","10605","802","3.0932671506239773","14","13.856406460551018","ellipse","2.3114E-5","false","10605","459","48"
"301","4.5230E-3","hemopoiesis","14285","30097","233","2.3445771066457017","14","8.717797887081348","ellipse","1.9258E-4","false","30097","459","19"
"303","6.2286E-2","somatic diversification of immune receptors via germline recombination within a single locus","14285","2562","22","1.2056097077601298","14","4.0","ellipse","4.8580E-3","false","2562","459","4"
"305","4.0716E-1","regulation of catalytic activity","14285","50790","907","0.390235372081384","14","11.832159566199232","ellipse","1.4890E-1","false","50790","459","35"
"307","2.5113E-4","protein transport","14285","15031","755","3.600095335025419","14","13.856406460551018","ellipse","4.6969E-6","false","15031","459","48"
"309","3.2471E-1","signal transduction","14285","7165","1877","0.4884989004287947","14","16.852299546352718","ellipse","7.8433E-2","false","7165","459","71"
"312","2.4269E-3","positive regulation of metabolic process","14285","9893","1017","2.6149480642326175","14","14.832396974191326","ellipse","9.4642E-5","false","9893","459","55"
"314","7.0575E-3","death","14285","16265","703","2.1513512201730003","14","12.649110640673518","ellipse","3.2577E-4","false","16265","459","40"
"316","1.5407E-6","RNA splicing, via transesterification reactions with bulged adenosine as nucleophile","14285","377","88","5.81228225648002","14","8.0","ellipse","1.7167E-8","false","377","459","16"
"319","1.5626E-2","regulation of primary metabolic process","14285","80090","3552","1.8061412737375115","14","24.0","ellipse","8.0837E-4","false","80090","459","144"
"321","5.8875E-3","negative regulation of programmed cell death","14285","43069","381","2.2300706909830246","14","10.198039027185569","ellipse","2.5771E-4","false","43069","459","26"
"324","6.6886E-2","cytoskeleton organization","14285","7010","448","1.1746659284700296","14","10.0","ellipse","5.3764E-3","false","7010","459","25"
"326","3.7575E-4","cell cycle","14285","7049","794","3.4251061320614737","14","14.0","ellipse","8.3732E-6","false","7049","459","49"
"327","5.7029E-3","mitotic cell cycle","14285","278","380","2.243905591283409","14","10.198039027185569","ellipse","2.4736E-4","false","278","459","26"
"331","4.7563E-8","cellular macromolecule catabolic process","14285","44265","439","7.322726636025137","14","12.96148139681572","ellipse","2.4032E-10","false","44265","459","42"
"334","8.6796E-1","multicellular organismal development","14285","7275","2972","0.061501796868622664","14","18.973665961010276","ellipse","7.5655E-1","false","7275","459","90"
"336","2.9528E-1","macromolecule modification","14285","43412","1603","0.5297724542988366","14","15.748015748023622","ellipse","6.9207E-2","false","43412","459","62"
"337","3.3841E-1","protein modification process","14285","6464","1522","0.4705546456874798","14","15.231546211727817","ellipse","9.5208E-2","false","6464","459","58"
"340","5.3989E-2","cellular component biogenesis","14285","44085","1035","1.2676952977345113","14","14.0","ellipse","3.9960E-3","false","44085","459","49"
"342","1.0551E-1","response to biotic stimulus","14285","9607","447","0.9767109328505554","14","9.797958971132712","ellipse","9.9347E-3","false","9607","459","24"
"343","2.1197E-2","response to unfolded protein","14285","6986","66","1.6737298965051421","14","5.656854249492381","ellipse","1.1977E-3","false","6986","459","8"
"346","3.4605E-2","cell cycle process","14285","22402","582","1.4608650463988981","14","11.313708498984761","ellipse","2.2039E-3","false","22402","459","32"
"348","4.7016E-2","protein modification by small protein conjugation or removal","14285","70647","253","1.327758935216254","14","8.246211251235321","ellipse","3.4050E-3","false","70647","459","17"
"350","7.6314E-3","negative regulation of cell death","14285","60548","389","2.1173975918484618","14","10.198039027185569","ellipse","3.5530E-4","false","60548","459","26"
"352","7.3643E-2","transport","14285","6810","2575","1.1328701608515634","14","20.396078054371138","ellipse","6.1833E-3","false","6810","459","104"
"355","1.1851E-1","positive regulation of biosynthetic process","14285","9891","730","0.9262314153812747","14","11.832159566199232","ellipse","1.1790E-2","false","9891","459","35"
"358","9.7183E-6","intracellular transport","14285","46907","665","5.0124075670189585","14","13.856406460551018","ellipse","1.2375E-7","false","46907","459","48"
"361","6.5831E-1","phosphorus metabolic process","14285","6793","947","0.18156764033364986","14","11.313708498984761","ellipse","4.0945E-1","false","6793","459","32"
"363","4.2637E-8","RNA splicing","14285","8380","285","7.3702125325565735","14","11.489125293076057","ellipse","1.6967E-10","false","8380","459","33"
"364","5.8438E-6","RNA splicing, via transesterification reactions","14285","375","97","5.233305235308698","14","8.0","ellipse","7.2088E-8","false","375","459","16"
"366","3.6509E-2","mitochondrial electron transport, NADH to ubiquinone","14285","6120","43","1.4375977503092945","14","4.898979485566356","ellipse","2.3681E-3","false","6120","459","6"
"368","2.2954E-4","nucleocytoplasmic transport","14285","6913","145","3.639137917374519","14","8.246211251235321","ellipse","4.1104E-6","false","6913","459","17"
"370","3.5193E-4","negative regulation of ubiquitin-protein ligase activity","14285","51444","66","3.453540398003692","14","6.6332495807108","ellipse","7.2823E-6","false","51444","459","11"
"372","1.0917E-3","positive regulation of ubiquitin-protein ligase activity involved in mitotic cell cycle","14285","51437","64","2.961879805697465","14","6.324555320336759","ellipse","3.4000E-5","false","51437","459","10"
"374","3.7082E-1","lymphocyte proliferation","14285","46651","37","0.4308358376870163","14","3.4641016151377544","ellipse","1.1497E-1","false","46651","459","3"
"375","4.2033E-1","T cell proliferation","14285","42098","22","0.37640834747541774","14","2.8284271247461903","ellipse","1.5639E-1","false","42098","459","2"
"377","2.7429E-4","positive regulation of cellular process","14285","48522","2003","3.5617942195148395","14","19.8997487421324","ellipse","5.2391E-6","false","48522","459","99"
"379","2.1998E-7","chromosome organization","14285","51276","524","6.6576208479552434","14","13.416407864998739","ellipse","1.7507E-9","false","51276","459","45"
"381","3.7082E-1","oxidative phosphorylation","14285","6119","102","0.4308358376870163","14","4.898979485566356","ellipse","1.1031E-1","false","6119","459","6"
"383","2.9008E-3","protein refolding","14285","42026","9","2.537484720107522","14","4.0","ellipse","1.1659E-4","false","42026","459","4"
"385","6.4695E-1","regulation of cell communication","14285","10646","1154","0.18913181566439624","14","12.489995996796797","ellipse","3.9414E-1","false","10646","459","39"
"388","1.3425E-3","macromolecule localization","14285","33036","1110","2.8720875271815345","14","15.491933384829668","ellipse","4.4874E-5","false","33036","459","60"
"389","8.4908E-1","lipid localization","14285","10876","151","0.07104997176299312","14","4.0","ellipse","7.1951E-1","false","10876","459","4"
"391","6.1685E-2","respiratory electron transport chain","14285","22904","65","1.2098198794914845","14","5.291502622129181","ellipse","4.7129E-3","false","22904","459","7"
"393","3.1526E-10","macromolecule metabolic process","14285","43170","4008","9.50132873193922","14","28.21347195933177","ellipse","7.5271E-13","false","43170","459","199"
"395","2.1988E-1","regulation of cellular biosynthetic process","14285","31326","3020","0.6578176581176081","14","21.2602916254693","ellipse","3.7920E-2","false","31326","459","113"
"397","2.2515E-3","positive regulation of cellular metabolic process","14285","31325","965","2.6475313756453835","14","14.560219778561036","ellipse","8.6250E-5","false","31325","459","53"
"399","9.5095E-2","negative regulation of catalytic activity","14285","43086","300","1.0218425392886874","14","8.48528137423857","ellipse","8.4007E-3","false","43086","459","18"
"401","2.1273E-1","localization","14285","51179","2982","0.6721798495485776","14","21.166010488516726","ellipse","3.5299E-2","false","51179","459","112"
"403","5.2218E-1","signaling process","14285","23046","2156","0.2821762760052646","14","17.320508075688775","ellipse","2.4200E-1","false","23046","459","75"
"406","1.7569E-4","cell activation","14285","1775","275","3.7552632683688825","14","10.0","ellipse","2.9363E-6","false","1775","459","25"
"407","1.0032E-5","leukocyte activation","14285","45321","233","4.998608947294636","14","10.0","ellipse","1.3174E-7","false","45321","459","25"
"409","7.8781E-2","somatic diversification of immune receptors","14285","2200","24","1.1035804870887556","14","4.0","ellipse","6.7087E-3","false","2200","459","4"
"411","1.1975E-1","cellular component assembly","14285","22607","913","0.9217293054714418","14","12.96148139681572","ellipse","1.1961E-2","false","22607","459","42"
"413","4.3215E-5","primary metabolic process","14285","44238","5277","4.3643657932700455","14","29.664793948382652","ellipse","6.5347E-7","false","44238","459","220"
"414","4.7563E-8","nucleobase, nucleoside, nucleotide and nucleic acid metabolic process","14285","6139","1782","7.322726636025137","14","20.493901531919196","ellipse","2.4605E-10","false","6139","459","105"
"417","1.6112E-14","cellular macromolecule metabolic process","14285","44260","3499","13.792839559609986","14","27.92848008753788","ellipse","6.4116E-18","false","44260","459","195"
"422","5.2218E-1","signal transmission","14285","23060","2156","0.2821762760052646","14","17.320508075688775","ellipse","2.4200E-1","false","23060","459","75"
"424","4.5177E-1","positive regulation of catalytic activity","14285","43085","553","0.3450780557739919","14","9.38083151964686","ellipse","1.7761E-1","false","43085","459","22"
"427","2.3829E-2","vesicle-mediated transport","14285","16192","590","1.6228873247069826","14","11.489125293076057","ellipse","1.4318E-3","false","16192","459","33"
"430","2.3043E-2","protein import","14285","17038","117","1.6374599263350946","14","6.6332495807108","ellipse","1.3571E-3","false","17038","459","11"
"432","2.1992E-2","regulation of apoptosis","14285","42981","852","1.6577449938284612","14","13.2664991614216","ellipse","1.2514E-3","false","42981","459","44"
"433","4.8759E-3","negative regulation of apoptosis","14285","43066","376","2.311944246661003","14","10.198039027185569","ellipse","2.0955E-4","false","43066","459","26"
"436","6.2687E-3","cell death","14285","8219","698","2.2028226073537818","14","12.649110640673518","ellipse","2.8188E-4","false","8219","459","40"
"438","6.1055E-4","cellular component disassembly","14285","22411","59","3.2142798133729675","14","6.324555320336759","ellipse","1.6278E-5","false","22411","459","10"
"440","8.5856E-3","cellular macromolecule localization","14285","70727","436","2.066228205776069","14","10.583005244258363","ellipse","4.0656E-4","false","70727","459","28"
"443","4.2946E-2","activated T cell proliferation","14285","50798","3","1.367075489296646","14","2.8284271247461903","ellipse","3.0249E-3","false","50798","459","2"
"447","4.4099E-1","positive regulation of signaling pathway","14285","35468","380","0.3555725847491489","14","8.0","ellipse","1.6478E-1","false","35468","459","16"
"449","1.0898E-1","positive regulation of macromolecule biosynthetic process","14285","10557","674","0.9626670145240089","14","11.489125293076057","ellipse","1.0706E-2","false","10557","459","33"
"454","2.1376E-1","regulation of biosynthetic process","14285","9889","3044","0.6700781689651956","14","21.354156504062622","ellipse","3.6236E-2","false","9889","459","114"
"457","9.3800E-4","multi-organism process","14285","51704","785","3.027795344956803","14","13.711309200802088","ellipse","2.7995E-5","false","51704","459","47"
"458","1.8286E-6","interspecies interaction between organisms","14285","44419","327","5.737874478412213","14","11.313708498984761","ellipse","2.1102E-8","false","44419","459","32"
"460","4.2266E-4","regulation of ubiquitin-protein ligase activity","14285","51438","81","3.374008557980598","14","6.928203230275509","ellipse","9.9232E-6","false","51438","459","12"
"463","6.4478E-5","nuclear transport","14285","51169","146","4.190591669286534","14","8.48528137423857","ellipse","1.0263E-6","false","51169","459","18"
"465","3.4605E-2","proteolysis","14285","6508","728","1.4608650463988981","14","12.328828005937952","ellipse","2.2170E-3","false","6508","459","38"
"467","3.6848E-4","protein metabolic process","14285","19538","2606","3.433583309843103","14","22.0","ellipse","7.7714E-6","false","19538","459","121"
"472","3.0318E-2","chromatin assembly","14285","31497","87","1.5183064850877868","14","6.0","ellipse","1.8820E-3","false","31497","459","9"
"473","2.3043E-2","nucleosome assembly","14285","6334","83","1.6374599263350946","14","6.0","ellipse","1.3498E-3","false","6334","459","9"
"475","4.3442E-6","chromatin organization","14285","6325","412","5.3620920141202255","14","12.0","ellipse","5.1861E-8","false","6325","459","36"
"477","3.0344E-10","nucleic acid metabolic process","14285","90304","1457","9.517920391580002","14","19.79898987322333","ellipse","6.0375E-13","false","90304","459","98"
"479","1.4664E-2","macromolecule biosynthetic process","14285","9059","1054","1.8337352361156556","14","14.560219778561036","ellipse","7.4110E-4","false","9059","459","53"
"480","9.5562E-3","cellular macromolecule biosynthetic process","14285","34645","1033","2.019714095445041","14","14.560219778561036","ellipse","4.6393E-4","false","34645","459","53"
"482","1.0934E-2","DNA conformation change","14285","71103","139","1.9612216774094609","14","7.211102550927978","ellipse","5.3952E-4","false","71103","459","13"
"483","8.5881E-3","DNA packaging","14285","6323","118","2.066102967320531","14","6.928203230275509","ellipse","4.1010E-4","false","6323","459","12"
"486","4.2946E-2","positive regulation of transforming growth factor-beta1 production","14285","32914","3","1.367075489296646","14","2.8284271247461903","ellipse","3.0249E-3","false","32914","459","2"
"488","5.2636E-1","positive regulation of cell communication","14285","10647","413","0.27871522345320693","14","8.0","ellipse","2.5575E-1","false","10647","459","16"
"497","3.8714E-1","mononuclear cell proliferation","14285","32943","39","0.4121341723802076","14","3.4641016151377544","ellipse","1.2921E-1","false","32943","459","3"
"499","1.0668E-1","regulation of immune system process","14285","2682","424","0.9719289464485782","14","9.591663046625438","ellipse","1.0229E-2","false","2682","459","23"
"504","8.0674E-4","negative regulation of cellular protein metabolic process","14285","32269","199","3.0932671506239773","14","8.717797887081348","ellipse","2.2968E-5","false","32269","459","19"
"509","8.1461E-1","organ development","14285","48513","1792","0.08905114430015129","14","14.832396974191326","ellipse","6.6549E-1","false","48513","459","55"
"512","8.6795E-4","T cell differentiation","14285","30217","62","3.061502808747196","14","6.324555320336759","ellipse","2.5559E-5","false","30217","459","10"
"516","2.1803E-3","electron transport chain","14285","22900","115","2.6614934279655027","14","7.211102550927978","ellipse","8.1250E-5","false","22900","459","13"
"520","2.2020E-1","V(D)J recombination","14285","33151","10","0.6571794897682091","14","2.8284271247461903","ellipse","3.9081E-2","false","33151","459","2"
"525","2.1986E-1","cellular biosynthetic process","14285","44249","1686","0.6578466004691108","14","16.3707055437449","ellipse","3.7796E-2","false","44249","459","67"
"527","3.6709E-2","Rac protein signal transduction","14285","16601","9","1.4352302863374982","14","3.4641016151377544","ellipse","2.3956E-3","false","16601","459","3"
"530","5.2216E-5","cellular catabolic process","14285","44248","774","4.282193352483743","14","14.2828568570857","ellipse","8.1036E-7","false","44248","459","51"
"533","6.1660E-3","hemopoietic or lymphoid organ development","14285","48534","259","2.209995375904461","14","8.94427190999916","ellipse","2.7235E-4","false","48534","459","20"
"535","4.2946E-2","cell division","14285","51301","314","1.367075489296646","14","8.94427190999916","ellipse","2.9044E-3","false","51301","459","20"
"537","1.0917E-3","posttranscriptional regulation of gene expression","14285","10608","241","2.961879805697465","14","9.16515138991168","ellipse","3.4321E-5","false","10608","459","21"
"538","4.6383E-2","regulation of translation","14285","6417","150","1.3336430829006836","14","6.928203230275509","ellipse","3.3038E-3","false","6417","459","12"
"540","4.2067E-3","cellular component disassembly involved in apoptosis","14285","6921","27","2.3760618695891127","14","4.898979485566356","ellipse","1.7744E-4","false","6921","459","6"
"545","1.9073E-2","nucleosome disassembly","14285","6337","7","1.719577333453403","14","3.4641016151377544","ellipse","1.0474E-3","false","6337","459","3"
"556","2.7460E-1","biosynthetic process","14285","9058","1796","0.561303328887923","14","16.61324772583615","ellipse","6.3814E-2","false","9058","459","69"
"568","1.0351E-1","negative regulation of molecular function","14285","44092","374","0.9850195082604065","14","9.16515138991168","ellipse","9.5985E-3","false","44092","459","21"
"570","3.1251E-2","anti-apoptosis","14285","6916","199","1.5051297101404906","14","7.745966692414834","ellipse","1.9524E-3","false","6916","459","15"
"572","4.1797E-2","alpha-beta T cell activation","14285","46631","19","1.378850689893325","14","4.0","ellipse","2.7776E-3","false","46631","459","4"
"574","1.5550E-2","protein localization in nucleus","14285","34504","93","1.808271006204608","14","6.324555320336759","ellipse","7.9204E-4","false","34504","459","10"
"581","1.6421E-4","chromatin modification","14285","16568","310","3.7846032630934676","14","10.392304845413264","ellipse","2.6791E-6","false","16568","459","27"
"582","3.8045E-2","covalent chromatin modification","14285","16569","145","1.4196990933014668","14","6.928203230275509","ellipse","2.4980E-3","false","16569","459","12"
"591","4.6631E-2","protein deubiquitination","14285","16579","46","1.331321540458084","14","4.898979485566356","ellipse","3.3558E-3","false","16579","459","6"
"595","6.0807E-2","protein modification by small protein removal","14285","70646","49","1.2160466393820581","14","4.898979485566356","ellipse","4.6216E-3","false","70646","459","6"
"597","5.0892E-2","positive regulation of nitrogen compound metabolic process","14285","51173","676","1.2933499251724943","14","11.832159566199232","ellipse","3.7263E-3","false","51173","459","35"
"599","6.3568E-2","response to stress","14285","6950","1773","1.19675993647102","14","17.435595774162696","ellipse","4.9833E-3","false","6950","459","76"
"605","3.3430E-5","proteasomal ubiquitin-dependent protein catabolic process","14285","43161","139","4.475858917860086","14","8.48528137423857","ellipse","4.9221E-7","false","43161","459","18"
"608","1.3348E-1","positive regulation of transforming growth factor-beta production","14285","71636","6","0.8745833749816312","14","2.8284271247461903","ellipse","1.4182E-2","false","71636","459","2"
"610","6.2286E-2","regulation of phosphatase activity","14285","10921","22","1.2056097077601298","14","4.0","ellipse","4.8580E-3","false","10921","459","4"
"611","2.3585E-2","regulation of phosphoprotein phosphatase activity","14285","43666","16","1.6273731187336842","14","4.0","ellipse","1.4078E-3","false","43666","459","4"
"613","2.4877E-4","anaphase-promoting complex-dependent proteasomal ubiquitin-dependent protein catabolic process","14285","31145","63","3.6042075121653148","14","6.6332495807108","ellipse","4.5536E-6","false","31145","459","11"
"619","4.3558E-2","membrane organization","14285","61024","383","1.3609338749702802","14","9.591663046625438","ellipse","3.0853E-3","false","61024","459","23"
"620","4.2946E-2","cellular membrane organization","14285","16044","382","1.367075489296646","14","9.591663046625438","ellipse","2.9868E-3","false","16044","459","23"
"626","2.5420E-1","positive regulation of cytokine production","14285","1819","103","0.5948178522618011","14","5.291502622129181","ellipse","4.8049E-2","false","1819","459","7"
"628","4.7694E-1","regulation of cytokine production","14285","1817","202","0.32153523339667195","14","6.0","ellipse","2.0304E-1","false","1817","459","9"
"634","1.9581E-2","alpha-beta T cell differentiation","14285","46632","15","1.708155331164934","14","4.0","ellipse","1.0831E-3","false","46632","459","4"
"636","3.4864E-2","response to DNA damage stimulus","14285","6974","396","1.4576231469225953","14","9.797958971132712","ellipse","2.2475E-3","false","6974","459","24"
"649","1.0000","multicellular organismal process","14285","32501","4376","-0.0","14","20.784609690826528","ellipse","9.9975E-1","false","32501","459","108"
"655","3.7082E-1","chromatin remodeling","14285","6338","58","0.4308358376870163","14","4.0","ellipse","1.1561E-1","false","6338","459","4"
"656","2.6870E-2","ATP-dependent chromatin remodeling","14285","43044","8","1.5707280247731277","14","3.4641016151377544","ellipse","1.6360E-3","false","43044","459","3"
"666","8.1329E-1","lipid transport","14285","6869","139","0.08975426133086722","14","4.0","ellipse","6.5729E-1","false","6869","459","4"
"668","3.3362E-1","response to stimulus","14285","50896","3631","0.47674178124293176","14","22.80350850198276","ellipse","8.2162E-2","false","50896","459","130"
"671","2.1988E-1","positive regulation of molecular function","14285","44093","638","0.6578176581176081","14","10.770329614269007","ellipse","3.8109E-2","false","44093","459","29"
"676","8.3017E-1","oxidation reduction","14285","55114","647","0.0808322578777861","14","8.717797887081348","ellipse","6.9084E-1","false","55114","459","19"
"682","1.9073E-2","glycolipid transport","14285","46836","2","1.719577333453403","14","2.8284271247461903","ellipse","1.0303E-3","false","46836","459","2"
"688","1.6727E-1","regulation of dephosphorylation","14285","35303","32","0.7765891045765303","14","4.0","ellipse","1.8567E-2","false","35303","459","4"
"703","1.9073E-2","protein-DNA complex disassembly","14285","32986","7","1.719577333453403","14","3.4641016151377544","ellipse","1.0474E-3","false","32986","459","3"
"714","8.9708E-1","regulation of multicellular organismal process","14285","51239","1067","0.047167472518079644","14","10.954451150103322","ellipse","8.0446E-1","false","51239","459","30"
"721","2.7414E-1","response to chemical stimulus","14285","42221","1465","0.5620280187992819","14","15.231546211727817","ellipse","5.4563E-2","false","42221","459","58"
"737","4.2946E-2","positive regulation of T cell receptor signaling pathway","14285","50862","3","1.367075489296646","14","2.8284271247461903","ellipse","3.0249E-3","false","50862","459","2"
"740","4.0324E-1","leukocyte proliferation","14285","70661","40","0.3944361373498123","14","3.4641016151377544","ellipse","1.3655E-1","false","70661","459","3"
"742","7.1144E-1","regulation of phosphate metabolic process","14285","19220","542","0.147858718805716","14","8.48528137423857","ellipse","4.7726E-1","false","19220","459","18"
"773","7.5316E-1","regulation of hydrolase activity","14285","51336","375","0.12311344351399581","14","6.928203230275509","ellipse","5.4756E-1","false","51336","459","12"
