source,target,,,,
ALYREF,ACIN1,,,,
ALYREF,ALYREF,,,,
ALYREF,CCAR1,,,,
ALYREF,CD2BP2,,,,
ALYREF,CDC40,,,,
ALYREF,CHTOP,,,,
ALYREF,CLP1,,,,
ALYREF,CPSF2,,,,
ALYREF,CPSF3,,,,
ALYREF,CPSF7,,,,
ALYREF,CSTF1,,,,
ALYREF,CSTF2,,,,
ALYREF,CSTF3,,,,
ALYREF,DDX23,,,,
ALYREF,DDX39A,,,,
ALYREF,DDX39B,,,,
ALYREF,DDX3X,,,,
ALYREF,DHX38,,,,
ALYREF,DHX9,,,,
ALYREF,DNAJC8,,,,
ALYREF,EFTUD2,,,,
ALYREF,EIF4A3,,,,
ALYREF,EIF4E,,,,
ALYREF,FUS,,,,
ALYREF,GTF2F1,,,,
ALYREF,GTF2F2,,,,
ALYREF,HNRNPA0,,,,
ALYREF,HNRNPA1,,,,
ALYREF,HNRNPA2B1,,,,
ALYREF,HNRNPA3,,,,
ALYREF,HNRNPC,,,,
ALYREF,HNRNPD,,,,
ALYREF,HNRNPF,,,,
ALYREF,HNRNPH1,,,,
ALYREF,HNRNPK,,,,
ALYREF,HNRNPL,,,,
ALYREF,HNRNPM,,,,
ALYREF,HNRNPR,,,,
ALYREF,HNRNPU,,,,
ALYREF,HNRNPUL1,,,,
ALYREF,HRH1,,,,
ALYREF,IMP4,,,,
ALYREF,MAGOH,,,,
ALYREF,MAPRE2,,,,
ALYREF,NCBP1,,,,
ALYREF,NCBP2,,,,
ALYREF,NFX1,,,,
ALYREF,NUDT21,,,,
ALYREF,NUP107,,,,
ALYREF,NUP133,,,,
ALYREF,NUP153,,,,
ALYREF,NUP155,,,,
ALYREF,NUP160,,,,
ALYREF,NUP188,,,,
ALYREF,NUP205,,,,
ALYREF,NUP210,,,,
ALYREF,NUP214,,,,
ALYREF,NUP35,,,,
ALYREF,NUP37,,,,
ALYREF,NUP43,,,,
ALYREF,NUP50,,,,
ALYREF,NUP54,,,,
ALYREF,NUP62,,,,
ALYREF,NUP85,,,,
ALYREF,NUP88,,,,
ALYREF,NUP93,,,,
ALYREF,NXF1,,,,
ALYREF,PABPN1,,,,
ALYREF,PAPOLA,,,,
ALYREF,PCBP1,,,,
ALYREF,PCBP2,,,,
ALYREF,PCF11,,,,
ALYREF,PHF5A,,,,
ALYREF,POLR2A,,,,
ALYREF,POLR2B,,,,
ALYREF,POLR2C,,,,
ALYREF,POLR2E,,,,
ALYREF,POLR2F,,,,
ALYREF,POLR2G,,,,
ALYREF,POLR2H,,,,
ALYREF,POLR2I,,,,
ALYREF,POLR2J,,,,
ALYREF,POLR2K,,,,
ALYREF,POLR2L,,,,
ALYREF,PRMT1,,,,
ALYREF,PRPF4,,,,
ALYREF,PRPF6,,,,
ALYREF,PRPF8,,,,
ALYREF,PTBP1,,,,
ALYREF,RAE1,,,,
ALYREF,RBM5,,,,
ALYREF,RBM8A,,,,
ALYREF,RBMX,,,,
ALYREF,RBP4,,,,
ALYREF,RGPD8,,,,
ALYREF,RNPS1,,,,
ALYREF,SAP18,,,,
ALYREF,SARNP,,,,
ALYREF,SF1,,,,
ALYREF,SF3A1,,,,
ALYREF,SF3A3,,,,
ALYREF,SF3B1,,,,
ALYREF,SF3B3,,,,
ALYREF,SF3B5,,,,
ALYREF,SLBP,,,,
ALYREF,SMAD4,,,,
ALYREF,SNRNP200,,,,
ALYREF,SNRNP40,,,,
ALYREF,SNRNP70,,,,
ALYREF,SNRPA,,,,
ALYREF,SNRPA1,,,,
ALYREF,SNRPB,,,,
ALYREF,SNRPB2,,,,
ALYREF,SNRPD1,,,,
ALYREF,SNRPD2,,,,
ALYREF,SNRPD3,,,,
ALYREF,SNRPE,,,,
ALYREF,SNRPF,,,,
ALYREF,SNRPG,,,,
ALYREF,SNU13,,,,
ALYREF,SPEN,,,,
ALYREF,SRRM1,,,,
ALYREF,SRRT,,,,
ALYREF,SRSF1,,,,
ALYREF,SRSF11,,,,
ALYREF,SRSF2,,,,
ALYREF,SRSF3,,,,
ALYREF,SRSF4,,,,
ALYREF,SRSF5,,,,
ALYREF,SRSF6,,,,
ALYREF,SRSF7,,,,
ALYREF,SRSF9,,,,
ALYREF,SUGP1,,,,
ALYREF,THOC1,,,,
ALYREF,THOC2,,,,
ALYREF,THOC3,,,,
ALYREF,THOC6,,,,
ALYREF,THOC7,,,,
ALYREF,TPR,,,,
ALYREF,TXNL4A,,,,
ALYREF,U2AF1L4,,,,
ALYREF,U2AF2,,,,
ALYREF,UBC,,,,
ALYREF,UPF1,,,,
ALYREF,UPF3A,,,,
ALYREF,UPF3B,,,,
ALYREF,YBX1,,,,
ALYREF,ZC3H13,,,,
ALYREF,ZC3H14,,,,
ANAPC11,ANAPC1,,,,
ANAPC11,ANAPC10,,,,
ANAPC11,ANAPC11,,,,
ANAPC11,ANAPC13,,,,
ANAPC11,ANAPC15,,,,
ANAPC11,ANAPC16,,,,
ANAPC11,ANAPC4,,,,
ANAPC11,ANAPC5,,,,
ANAPC11,AURKA,,,,
ANAPC11,AURKB,,,,
ANAPC11,BARD1,,,,
ANAPC11,BRCC3,,,,
ANAPC11,BUB3,,,,
ANAPC11,CBX4,,,,
ANAPC11,CCNB1,,,,
ANAPC11,CCNB2,,,,
ANAPC11,CCNE1,,,,
ANAPC11,CCNE2,,,,
ANAPC11,CDC14A,,,,
ANAPC11,CDC16,,,,
ANAPC11,CDC20,,,,
ANAPC11,CDC23,,,,
ANAPC11,CDC26,,,,
ANAPC11,CDC27,,,,
ANAPC11,CDK1,,,,
ANAPC11,CDK2,,,,
ANAPC11,CDKN1A,,,,
ANAPC11,CDKN1B,,,,
ANAPC11,CEBPB,,,,
ANAPC11,COMMD3-BMI1,,,,
ANAPC11,CUL4A,,,,
ANAPC11,CXCL8,,,,
ANAPC11,EHMT1,,,,
ANAPC11,FZR1,,,,
ANAPC11,MAD2L1,,,,
ANAPC11,MAD2L2,,,,
ANAPC11,NFKB1,,,,
ANAPC11,PCGF6,,,,
ANAPC11,PHC1,,,,
ANAPC11,PHC2,,,,
ANAPC11,PHC3,,,,
ANAPC11,PHGDH,,,,
ANAPC11,PPP3CA,,,,
ANAPC11,PPP3CB,,,,
ANAPC11,PPP3CC,,,,
ANAPC11,PPP3R1,,,,
ANAPC11,PSMA1,,,,
ANAPC11,PSMA3,,,,
ANAPC11,PSMA4,,,,
ANAPC11,PSMA5,,,,
ANAPC11,PSMA6,,,,
ANAPC11,PSMA7,,,,
ANAPC11,PSMB1,,,,
ANAPC11,PSMB10,,,,
ANAPC11,PSMB2,,,,
ANAPC11,PSMB3,,,,
ANAPC11,PSMB4,,,,
ANAPC11,PSMB5,,,,
ANAPC11,PSMB6,,,,
ANAPC11,PSMB7,,,,
ANAPC11,PSMC1,,,,
ANAPC11,PSMC2,,,,
ANAPC11,PSMC3,,,,
ANAPC11,PSMC4,,,,
ANAPC11,PSMC5,,,,
ANAPC11,PSMC6,,,,
ANAPC11,PSMD10,,,,
ANAPC11,PSMD11,,,,
ANAPC11,PSMD12,,,,
ANAPC11,PSMD13,,,,
ANAPC11,PSMD14,,,,
ANAPC11,PSMD3,,,,
ANAPC11,PSMD4,,,,
ANAPC11,PSMD5,,,,
ANAPC11,PSMD6,,,,
ANAPC11,PSMD7,,,,
ANAPC11,PSMD8,,,,
ANAPC11,PSMD9,,,,
ANAPC11,PSME1,,,,
ANAPC11,PSME2,,,,
ANAPC11,PSME3,,,,
ANAPC11,PSME4,,,,
ANAPC11,PSMF1,,,,
ANAPC11,PTTG1,,,,
ANAPC11,PTTG2,,,,
ANAPC11,RBX1,,,,
ANAPC11,RELA,,,,
ANAPC11,RNF2,,,,
ANAPC11,RNF7,,,,
ANAPC11,RPN1,,,,
ANAPC11,RPN2,,,,
ANAPC11,SKP1,,,,
ANAPC11,SKP2,,,,
ANAPC11,UBC,,,,
ANAPC11,UBE2C,,,,
ANAPC11,UBE2D1,,,,
ANAPC11,UBE2D3,,,,
ANAPC11,UBE2E1,,,,
ANAPC11,UBE2K,,,,
ANAPC11,UBE2S,,,,
ANAPC11,WDFY1,,,,
ANAPC11,WDFY2,,,,
CCT4,ACTG1,,,,
CCT4,CCT2,,,,
CCT4,CCT3,,,,
CCT4,CCT4,,,,
CCT4,CCT5,,,,
CCT4,CCT6A,,,,
CCT4,CCT7,,,,
CCT4,CCT8,,,,
CCT4,COP1,,,,
CCT4,FARS2,,,,
CCT4,GCN1,,,,
CCT4,GRPEL1,,,,
CCT4,GRPEL2,,,,
CCT4,HSP90AA4P,,,,
CCT4,HSPA4,,,,
CCT4,HSPE1,,,,
CCT4,MKKS,,,,
CCT4,P4HB,,,,
CCT4,PDCL3,,,,
CCT4,PEX19,,,,
CCT4,PFDN1,,,,
CCT4,PFDN2,,,,
CCT4,PFDN4,,,,
CCT4,PFDN5,,,,
CCT4,PPP2CB,,,,
CCT4,PPP4C,,,,
CCT4,RPSA,,,,
CCT4,SSR1,,,,
CCT4,STK3,,,,
CCT4,STRN,,,,
CCT4,STRN3,,,,
CCT4,STRN4,,,,
CCT4,TARBP1,,,,
CCT4,TCP1,,,,
CCT4,TUBA1B,,,,
CCT4,TUBA1C,,,,
CCT4,TUBA4A,,,,
CCT4,TUBB2A,,,,
CCT4,TUBB4A,,,,
CCT4,TUBB4B,,,,
CCT4,TUBB6,,,,
CCT4,TXNL1,,,,
CCT4,UBC,,,,
CCT7,ACTG1,,,,
CCT7,ATG16L1,,,,
CCT7,CCT2,,,,
CCT7,CCT3,,,,
CCT7,CCT4,,,,
CCT7,CCT5,,,,
CCT7,CCT6A,,,,
CCT7,CCT7,,,,
CCT7,CCT8,,,,
CCT7,EEF1G,,,,
CCT7,FARS2,,,,
CCT7,GMPS,,,,
CCT7,GRPEL1,,,,
CCT7,GRPEL2,,,,
CCT7,HSP90AA4P,,,,
CCT7,HSP90AB2P,,,,
CCT7,HSPA8,,,,
CCT7,HSPA9,,,,
CCT7,HSPE1,,,,
CCT7,HSPH1,,,,
CCT7,MIR3652,,,,
CCT7,MOB4,,,,
CCT7,PAN2,,,,
CCT7,PFDN1,,,,
CCT7,PFDN2,,,,
CCT7,PFDN4,,,,
CCT7,PFDN5,,,,
CCT7,PPP2CB,,,,
CCT7,PPP4C,,,,
CCT7,RPL5,,,,
CCT7,STK3,,,,
CCT7,STRN,,,,
CCT7,STRN3,,,,
CCT7,STRN4,,,,
CCT7,TCP1,,,,
CCT7,TRIM28,,,,
CCT7,TUBA1B,,,,
CCT7,TUBA1C,,,,
CCT7,TUBA4A,,,,
CCT7,TUBB2A,,,,
CCT7,TUBB4A,,,,
CCT7,TUBB4B,,,,
CCT7,TUBB6,,,,
CCT7,UBC,,,,
COX6A1,COA6,,,,
COX6A1,COX4I1,,,,
COX6A1,COX5A,,,,
COX6A1,COX5B,,,,
COX6A1,COX6A1,,,,
COX6A1,COX6B1,,,,
COX6A1,COX6C,,,,
COX6A1,COX7A2L,,,,
COX6A1,COX7C,,,,
COX6A1,COX8A,,,,
COX6A1,CYC1,,,,
COX6A1,CYCS,,,,
COX6A1,MT-CO1,,,,
COX6A1,MT-CO2,,,,
COX6A1,MT-CO3,,,,
COX6A1,MT-CYB,,,,
COX6A1,NDUFA13,,,,
COX6A1,NDUFA4,,,,
COX6A1,NDUFA5,,,,
COX6A1,NDUFA6,,,,
COX6A1,NDUFA7,,,,
COX6A1,NDUFA8,,,,
COX6A1,NDUFAB1,,,,
COX6A1,NDUFB10,,,,
COX6A1,NDUFB11,,,,
COX6A1,NDUFB5,,,,
COX6A1,NDUFB7,,,,
COX6A1,NDUFB8,,,,
COX6A1,NDUFB9,,,,
COX6A1,NDUFS3,,,,
COX6A1,NDUFS6,,,,
COX6A1,NDUFV2,,,,
COX6A1,PMPCB,,,,
COX6A1,SDHC,,,,
COX6A1,SDHD,,,,
COX6A1,UQCR10,,,,
COX6A1,UQCRB,,,,
COX6A1,UQCRC1,,,,
COX6A1,UQCRC2,,,,
COX6A1,UQCRFS1P1,,,,
COX6A1,UQCRHL,,,,
COX6A1,UQCRQ,,,,
CPSF6,CLP1,,,,
CPSF6,CPSF1,,,,
CPSF6,CPSF2,,,,
CPSF6,CPSF3,,,,
CPSF6,CPSF6,,,,
CPSF6,CPSF7,,,,
CPSF6,CSTF2,,,,
CPSF6,HNRNPK,,,,
CPSF6,MAX,,,,
CPSF6,NUDT21,,,,
CPSF6,NUP107,,,,
CPSF6,NXF1,,,,
CPSF6,PCF11,,,,
CPSF6,TNPO3,,,,
DDX17,BYSL,,,,
DDX17,DCP2,,,,
DDX17,DDX17,,,,
DDX17,DDX5,,,,
DDX17,DDX56,,,,
DDX17,DGCR8,,,,
DDX17,DHX9,,,,
DDX17,EP300,,,,
DDX17,FBL,,,,
DDX17,GMPS,,,,
DDX17,GNL2,,,,
DDX17,GNL3,,,,
DDX17,GTPBP4,,,,
DDX17,HDAC1,,,,
DDX17,HNRNPA1,,,,
DDX17,HRH1,,,,
DDX17,ILF3,,,,
DDX17,MAGOH,,,,
DDX17,MIS12,,,,
DDX17,NAT10,,,,
DDX17,NCOA2,,,,
DDX17,NOP2,,,,
DDX17,NOP56,,,,
DDX17,NOP58,,,,
DDX17,PCNA,,,,
DDX17,PDCD11,,,,
DDX17,PWP1,,,,
DDX17,RPA2,,,,
DDX17,RPF2,,,,
DDX17,RRP12,,,,
DDX17,SF1,,,,
DDX17,SRA1,,,,
DDX17,SREK1,,,,
DDX17,SRSF1,,,,
DDX17,TFF1,,,,
DDX17,TP53,,,,
DDX17,U2AF2,,,,
DDX17,UBC,,,,
DDX17,ZWINT,,,,
DHX9,AGO2,,,,
DHX9,AKAP8L,,,,
DHX9,ALYREF,,,,
DHX9,CCAR1,,,,
DHX9,CCND1,,,,
DHX9,CD2BP2,,,,
DHX9,CDC40,,,,
DHX9,CHUK,,,,
DHX9,CLP1,,,,
DHX9,CPSF2,,,,
DHX9,CPSF3,,,,
DHX9,CPSF7,,,,
DHX9,CREBBP,,,,
DHX9,CSDE1,,,,
DHX9,CSTF1,,,,
DHX9,CSTF2,,,,
DHX9,CSTF3,,,,
DHX9,DDX17,,,,
DHX9,DDX20,,,,
DHX9,DDX21,,,,
DHX9,DDX23,,,,
DHX9,DDX5,,,,
DHX9,DHX38,,,,
DHX9,DHX9,,,,
DHX9,DICER1,,,,
DHX9,DNAJC8,,,,
DHX9,EFTUD2,,,,
DHX9,EGFR,,,,
DHX9,EMB,,,,
DHX9,FLI1,,,,
DHX9,FUS,,,,
DHX9,GTF2F1,,,,
DHX9,GTF2F2,,,,
DHX9,HEXIM1,,,,
DHX9,HNRNPA0,,,,
DHX9,HNRNPA1,,,,
DHX9,HNRNPA2B1,,,,
DHX9,HNRNPA3,,,,
DHX9,HNRNPC,,,,
DHX9,HNRNPD,,,,
DHX9,HNRNPF,,,,
DHX9,HNRNPH1,,,,
DHX9,HNRNPK,,,,
DHX9,HNRNPL,,,,
DHX9,HNRNPM,,,,
DHX9,HNRNPR,,,,
DHX9,HNRNPU,,,,
DHX9,HNRNPUL1,,,,
DHX9,IKBKB,,,,
DHX9,ILF2,,,,
DHX9,ILF3,,,,
DHX9,KHDRBS1,,,,
DHX9,MAGOH,,,,
DHX9,MYD88,,,,
DHX9,NCBP1,,,,
DHX9,NCBP2,,,,
DHX9,NFAT5,,,,
DHX9,NFKB1,,,,
DHX9,NFKB2,,,,
DHX9,NFKBIA,,,,
DHX9,NFKBIB,,,,
DHX9,NFX1,,,,
DHX9,NRAS,,,,
DHX9,NUDT21,,,,
DHX9,NXF1,,,,
DHX9,PABPN1,,,,
DHX9,PAPOLA,,,,
DHX9,PCBP1,,,,
DHX9,PCBP2,,,,
DHX9,PCF11,,,,
DHX9,PCNA,,,,
DHX9,PHF5A,,,,
DHX9,POLR2A,,,,
DHX9,POLR2B,,,,
DHX9,POLR2C,,,,
DHX9,POLR2E,,,,
DHX9,POLR2F,,,,
DHX9,POLR2G,,,,
DHX9,POLR2H,,,,
DHX9,POLR2I,,,,
DHX9,POLR2J,,,,
DHX9,POLR2K,,,,
DHX9,POLR2L,,,,
DHX9,PRKDC,,,,
DHX9,PRMT1,,,,
DHX9,PRPF4,,,,
DHX9,PRPF6,,,,
DHX9,PRPF8,,,,
DHX9,PTBP1,,,,
DHX9,RBM5,,,,
DHX9,RBMX,,,,
DHX9,RBP4,,,,
DHX9,RELA,,,,
DHX9,RNPS1,,,,
DHX9,SF3A1,,,,
DHX9,SF3A3,,,,
DHX9,SF3B1,,,,
DHX9,SF3B3,,,,
DHX9,SF3B5,,,,
DHX9,SNRNP200,,,,
DHX9,SNRNP40,,,,
DHX9,SNRNP70,,,,
DHX9,SNRPA,,,,
DHX9,SNRPA1,,,,
DHX9,SNRPB,,,,
DHX9,SNRPB2,,,,
DHX9,SNRPD1,,,,
DHX9,SNRPD2,,,,
DHX9,SNRPD3,,,,
DHX9,SNRPE,,,,
DHX9,SNRPF,,,,
DHX9,SNRPG,,,,
DHX9,SNU13,,,,
DHX9,SP100,,,,
DHX9,SRRM1,,,,
DHX9,SRSF1,,,,
DHX9,SRSF11,,,,
DHX9,SRSF2,,,,
DHX9,SRSF3,,,,
DHX9,SRSF4,,,,
DHX9,SRSF5,,,,
DHX9,SRSF6,,,,
DHX9,SRSF7,,,,
DHX9,SRSF9,,,,
DHX9,SSRP1,,,,
DHX9,STAT3,,,,
DHX9,STAU1,,,,
DHX9,SUGP1,,,,
DHX9,SYNCRIP,,,,
DHX9,TOP2A,,,,
DHX9,TXNL4A,,,,
DHX9,U2AF1L4,,,,
DHX9,U2AF2,,,,
DHX9,UBC,,,,
DHX9,UPF3B,,,,
DHX9,WRN,,,,
DHX9,XRCC5,,,,
DHX9,YBX1,,,,
DHX9,ZBP1,,,,
EIF1AX,DHX29,,,,
EIF1AX,EIF1,,,,
EIF1AX,EIF1AX,,,,
EIF1AX,EIF1B,,,,
EIF1AX,EIF2S1,,,,
EIF1AX,EIF2S2,,,,
EIF1AX,EIF2S3,,,,
EIF1AX,EIF3A,,,,
EIF1AX,EIF3B,,,,
EIF1AX,EIF3C,,,,
EIF1AX,EIF3CL,,,,
EIF1AX,EIF3D,,,,
EIF1AX,EIF3E,,,,
EIF1AX,EIF3F,,,,
EIF1AX,EIF3G,,,,
EIF1AX,EIF3H,,,,
EIF1AX,EIF3I,,,,
EIF1AX,EIF3J,,,,
EIF1AX,EIF3K,,,,
EIF1AX,EIF4A2,,,,
EIF1AX,EIF4B,,,,
EIF1AX,EIF4E,,,,
EIF1AX,EIF4G1,,,,
EIF1AX,EIF5,,,,
EIF1AX,EIF5B,,,,
EIF1AX,FAU,,,,
EIF1AX,MRPS11,,,,
EIF1AX,MRPS7,,,,
EIF1AX,RANP1,,,,
EIF1AX,RLIM,,,,
EIF1AX,RPL10A,,,,
EIF1AX,RPL11,,,,
EIF1AX,RPL12,,,,
EIF1AX,RPL13,,,,
EIF1AX,RPL13A,,,,
EIF1AX,RPL14,,,,
EIF1AX,RPL15,,,,
EIF1AX,RPL17,,,,
EIF1AX,RPL18,,,,
EIF1AX,RPL18A,,,,
EIF1AX,RPL19,,,,
EIF1AX,RPL21,,,,
EIF1AX,RPL22,,,,
EIF1AX,RPL23,,,,
EIF1AX,RPL23A,,,,
EIF1AX,RPL24,,,,
EIF1AX,RPL26,,,,
EIF1AX,RPL26L1,,,,
EIF1AX,RPL27,,,,
EIF1AX,RPL27A,,,,
EIF1AX,RPL28,,,,
EIF1AX,RPL29,,,,
EIF1AX,RPL3,,,,
EIF1AX,RPL30,,,,
EIF1AX,RPL31,,,,
EIF1AX,RPL32,,,,
EIF1AX,RPL34,,,,
EIF1AX,RPL35,,,,
EIF1AX,RPL35A,,,,
EIF1AX,RPL36,,,,
EIF1AX,RPL37,,,,
EIF1AX,RPL37A,,,,
EIF1AX,RPL38,,,,
EIF1AX,RPL39,,,,
EIF1AX,RPL4,,,,
EIF1AX,RPL41,,,,
EIF1AX,RPL5,,,,
EIF1AX,RPL6,,,,
EIF1AX,RPL7,,,,
EIF1AX,RPL8,,,,
EIF1AX,RPL9P7,,,,
EIF1AX,RPLP0P6,,,,
EIF1AX,RPLP2,,,,
EIF1AX,RPS10-NUDT3,,,,
EIF1AX,RPS11,,,,
EIF1AX,RPS12,,,,
EIF1AX,RPS13,,,,
EIF1AX,RPS14,,,,
EIF1AX,RPS15,,,,
EIF1AX,RPS15A,,,,
EIF1AX,RPS16,,,,
EIF1AX,RPS18,,,,
EIF1AX,RPS19,,,,
EIF1AX,RPS2,,,,
EIF1AX,RPS20,,,,
EIF1AX,RPS21,,,,
EIF1AX,RPS23,,,,
EIF1AX,RPS24,,,,
EIF1AX,RPS26,,,,
EIF1AX,RPS27,,,,
EIF1AX,RPS28,,,,
EIF1AX,RPS29,,,,
EIF1AX,RPS3,,,,
EIF1AX,RPS3A,,,,
EIF1AX,RPS4X,,,,
EIF1AX,RPS4Y1,,,,
EIF1AX,RPS5,,,,
EIF1AX,RPS6,,,,
EIF1AX,RPS7,,,,
EIF1AX,RPS8,,,,
EIF1AX,RPSA,,,,
EIF1AX,RRP1,,,,
EIF1AX,SNORA67,,,,
EIF1AX,UBC,,,,
EIF3I,ABCE1,,,,
EIF3I,EIF1,,,,
EIF3I,EIF1AX,,,,
EIF3I,EIF1B,,,,
EIF3I,EIF2S1,,,,
EIF3I,EIF2S2,,,,
EIF3I,EIF2S3,,,,
EIF3I,EIF3A,,,,
EIF3I,EIF3B,,,,
EIF3I,EIF3C,,,,
EIF3I,EIF3CL,,,,
EIF3I,EIF3D,,,,
EIF3I,EIF3E,,,,
EIF3I,EIF3F,,,,
EIF3I,EIF3G,,,,
EIF3I,EIF3H,,,,
EIF3I,EIF3I,,,,
EIF3I,EIF3J,,,,
EIF3I,EIF3K,,,,
EIF3I,EIF3L,,,,
EIF3I,EIF3M,,,,
EIF3I,EIF4A2,,,,
EIF3I,EIF4B,,,,
EIF3I,EIF4E,,,,
EIF3I,EIF4G1,,,,
EIF3I,EIF5,,,,
EIF3I,EIF5B,,,,
EIF3I,FAU,,,,
EIF3I,GCH1,,,,
EIF3I,GTF2B,,,,
EIF3I,RACK1,,,,
EIF3I,RLIM,,,,
EIF3I,RPL10A,,,,
EIF3I,RPL11,,,,
EIF3I,RPL12,,,,
EIF3I,RPL13,,,,
EIF3I,RPL13A,,,,
EIF3I,RPL14,,,,
EIF3I,RPL15,,,,
EIF3I,RPL17,,,,
EIF3I,RPL18,,,,
EIF3I,RPL18A,,,,
EIF3I,RPL19,,,,
EIF3I,RPL21,,,,
EIF3I,RPL22,,,,
EIF3I,RPL23,,,,
EIF3I,RPL23A,,,,
EIF3I,RPL24,,,,
EIF3I,RPL26,,,,
EIF3I,RPL26L1,,,,
EIF3I,RPL27,,,,
EIF3I,RPL27A,,,,
EIF3I,RPL28,,,,
EIF3I,RPL29,,,,
EIF3I,RPL3,,,,
EIF3I,RPL30,,,,
EIF3I,RPL31,,,,
EIF3I,RPL32,,,,
EIF3I,RPL34,,,,
EIF3I,RPL35,,,,
EIF3I,RPL35A,,,,
EIF3I,RPL36,,,,
EIF3I,RPL37,,,,
EIF3I,RPL37A,,,,
EIF3I,RPL38,,,,
EIF3I,RPL39,,,,
EIF3I,RPL4,,,,
EIF3I,RPL41,,,,
EIF3I,RPL5,,,,
EIF3I,RPL6,,,,
EIF3I,RPL7,,,,
EIF3I,RPL8,,,,
EIF3I,RPL9P7,,,,
EIF3I,RPLP0P6,,,,
EIF3I,RPLP2,,,,
EIF3I,RPS10-NUDT3,,,,
EIF3I,RPS11,,,,
EIF3I,RPS12,,,,
EIF3I,RPS13,,,,
EIF3I,RPS14,,,,
EIF3I,RPS15,,,,
EIF3I,RPS15A,,,,
EIF3I,RPS16,,,,
EIF3I,RPS19,,,,
EIF3I,RPS2,,,,
EIF3I,RPS20,,,,
EIF3I,RPS21,,,,
EIF3I,RPS23,,,,
EIF3I,RPS24,,,,
EIF3I,RPS26,,,,
EIF3I,RPS27,,,,
EIF3I,RPS28,,,,
EIF3I,RPS29,,,,
EIF3I,RPS3,,,,
EIF3I,RPS3A,,,,
EIF3I,RPS4X,,,,
EIF3I,RPS4Y1,,,,
EIF3I,RPS5,,,,
EIF3I,RPS6,,,,
EIF3I,RPS7,,,,
EIF3I,RPS8,,,,
EIF3I,RPS9,,,,
EIF3I,RPSA,,,,
EIF3I,RRP1,,,,
EIF3I,SNORA67,,,,
EIF3I,TRMT6,,,,
EIF3I,UBC,,,,
EIF3I,USP3,,,,
EIF3M,COPS4,,,,
EIF3M,COPS5,,,,
EIF3M,EIF3A,,,,
EIF3M,EIF3B,,,,
EIF3M,EIF3C,,,,
EIF3M,EIF3CL,,,,
EIF3M,EIF3D,,,,
EIF3M,EIF3E,,,,
EIF3M,EIF3F,,,,
EIF3M,EIF3G,,,,
EIF3M,EIF3H,,,,
EIF3M,EIF3I,,,,
EIF3M,EIF3J,,,,
EIF3M,EIF3K,,,,
EIF3M,EIF3L,,,,
EIF3M,EIF3M,,,,
EIF3M,NAA15,,,,
EIF3M,UBC,,,,
EIF4A3,ALYREF,,,,
EIF4A3,ARIH1,,,,
EIF4A3,CASC3,,,,
EIF4A3,CCDC174,,,,
EIF4A3,CDC5L,,,,
EIF4A3,CNOT1,,,,
EIF4A3,CNOT10,,,,
EIF4A3,CNOT11,,,,
EIF4A3,CNOT2,,,,
EIF4A3,CNOT4,,,,
EIF4A3,CNOT6,,,,
EIF4A3,CNOT6L,,,,
EIF4A3,CNOT7,,,,
EIF4A3,CNOT8,,,,
EIF4A3,CNOT9,,,,
EIF4A3,CWC22,,,,
EIF4A3,DHX15,,,,
EIF4A3,EFTUD2,,,,
EIF4A3,EIF4A2,,,,
EIF4A3,EIF4A3,,,,
EIF4A3,EIF4B,,,,
EIF4A3,EIF4E,,,,
EIF4A3,EIF4E2,,,,
EIF4A3,EIF4E3,,,,
EIF4A3,EIF4G1,,,,
EIF4A3,EIF4G3,,,,
EIF4A3,ETF1,,,,
EIF4A3,FAU,,,,
EIF4A3,GPX1,,,,
EIF4A3,HERC5,,,,
EIF4A3,HNRNPA1,,,,
EIF4A3,HNRNPC,,,,
EIF4A3,HNRNPU,,,,
EIF4A3,HRH1,,,,
EIF4A3,ILF2,,,,
EIF4A3,ISG15,,,,
EIF4A3,LBR,,,,
EIF4A3,MAGOH,,,,
EIF4A3,NAT1,,,,
EIF4A3,NCBP1,,,,
EIF4A3,NCBP2,,,,
EIF4A3,NOM1,,,,
EIF4A3,NXF1,,,,
EIF4A3,PAIP1,,,,
EIF4A3,PAN2,,,,
EIF4A3,PAN3,,,,
EIF4A3,PARN,,,,
EIF4A3,PDCD4,,,,
EIF4A3,POLDIP3,,,,
EIF4A3,PPP2CB,,,,
EIF4A3,PPP2R1A,,,,
EIF4A3,PPP2R2D,,,,
EIF4A3,PRPF19,,,,
EIF4A3,RALY,,,,
EIF4A3,RBM8A,,,,
EIF4A3,RBMX,,,,
EIF4A3,RLIM,,,,
EIF4A3,RNPS1,,,,
EIF4A3,RPL10A,,,,
EIF4A3,RPL11,,,,
EIF4A3,RPL12,,,,
EIF4A3,RPL13,,,,
EIF4A3,RPL13A,,,,
EIF4A3,RPL14,,,,
EIF4A3,RPL15,,,,
EIF4A3,RPL17,,,,
EIF4A3,RPL18,,,,
EIF4A3,RPL18A,,,,
EIF4A3,RPL19,,,,
EIF4A3,RPL21,,,,
EIF4A3,RPL22,,,,
EIF4A3,RPL23,,,,
EIF4A3,RPL23A,,,,
EIF4A3,RPL24,,,,
EIF4A3,RPL26,,,,
EIF4A3,RPL26L1,,,,
EIF4A3,RPL27,,,,
EIF4A3,RPL27A,,,,
EIF4A3,RPL28,,,,
EIF4A3,RPL29,,,,
EIF4A3,RPL3,,,,
EIF4A3,RPL30,,,,
EIF4A3,RPL31,,,,
EIF4A3,RPL32,,,,
EIF4A3,RPL34,,,,
EIF4A3,RPL35,,,,
EIF4A3,RPL35A,,,,
EIF4A3,RPL36,,,,
EIF4A3,RPL37,,,,
EIF4A3,RPL37A,,,,
EIF4A3,RPL38,,,,
EIF4A3,RPL39,,,,
EIF4A3,RPL4,,,,
EIF4A3,RPL41,,,,
EIF4A3,RPL5,,,,
EIF4A3,RPL6,,,,
EIF4A3,RPL7,,,,
EIF4A3,RPL8,,,,
EIF4A3,RPL9P7,,,,
EIF4A3,RPLP0P6,,,,
EIF4A3,RPLP2,,,,
EIF4A3,RPS10-NUDT3,,,,
EIF4A3,RPS11,,,,
EIF4A3,RPS12,,,,
EIF4A3,RPS13,,,,
EIF4A3,RPS14,,,,
EIF4A3,RPS15,,,,
EIF4A3,RPS15A,,,,
EIF4A3,RPS16,,,,
EIF4A3,RPS19,,,,
EIF4A3,RPS2,,,,
EIF4A3,RPS20,,,,
EIF4A3,RPS21,,,,
EIF4A3,RPS23,,,,
EIF4A3,RPS24,,,,
EIF4A3,RPS26,,,,
EIF4A3,RPS27,,,,
EIF4A3,RPS28,,,,
EIF4A3,RPS29,,,,
EIF4A3,RPS3,,,,
EIF4A3,RPS3A,,,,
EIF4A3,RPS4X,,,,
EIF4A3,RPS4Y1,,,,
EIF4A3,RPS5,,,,
EIF4A3,RPS6,,,,
EIF4A3,RPS7,,,,
EIF4A3,RPS8,,,,
EIF4A3,RPSA,,,,
EIF4A3,RRP1,,,,
EIF4A3,SF1,,,,
EIF4A3,SMAD4,,,,
EIF4A3,SMG1,,,,
EIF4A3,SMG5,,,,
EIF4A3,SMG6,,,,
EIF4A3,SMG7,,,,
EIF4A3,SMG8,,,,
EIF4A3,SMG9,,,,
EIF4A3,SNORA67,,,,
EIF4A3,SRRM1,,,,
EIF4A3,SRRM2,,,,
EIF4A3,SRSF1,,,,
EIF4A3,SRSF10,,,,
EIF4A3,SRSF3,,,,
EIF4A3,SRSF5,,,,
EIF4A3,SRSF7,,,,
EIF4A3,THRAP3,,,,
EIF4A3,UBC,,,,
EIF4A3,UBE2L6,,,,
EIF4A3,UPF1,,,,
EIF4A3,UPF2,,,,
EIF4A3,UPF3A,,,,
EIF4A3,UPF3B,,,,
EIF4E,AGO2,,,,
EIF4E,ALYREF,,,,
EIF4E,ARIH1,,,,
EIF4E,ATP7A,,,,
EIF4E,CASP1,,,,
EIF4E,CASP10,,,,
EIF4E,CASP2,,,,
EIF4E,CASP3,,,,
EIF4E,CASP4,,,,
EIF4E,CASP7,,,,
EIF4E,CASP8,,,,
EIF4E,CASP9,,,,
EIF4E,CCND1,,,,
EIF4E,CNOT1,,,,
EIF4E,CNOT10,,,,
EIF4E,CNOT11,,,,
EIF4E,CNOT2,,,,
EIF4E,CNOT4,,,,
EIF4E,CNOT6,,,,
EIF4E,CNOT6L,,,,
EIF4E,CNOT7,,,,
EIF4E,CNOT8,,,,
EIF4E,CNOT9,,,,
EIF4E,COX5B,,,,
EIF4E,CYFIP2,,,,
EIF4E,DDX3X,,,,
EIF4E,DDX3Y,,,,
EIF4E,DDX6,,,,
EIF4E,EGFR,,,,
EIF4E,EIF1,,,,
EIF4E,EIF1AX,,,,
EIF4E,EIF2S1,,,,
EIF4E,EIF2S2,,,,
EIF4E,EIF2S3,,,,
EIF4E,EIF3A,,,,
EIF4E,EIF3B,,,,
EIF4E,EIF3C,,,,
EIF4E,EIF3D,,,,
EIF4E,EIF3E,,,,
EIF4E,EIF3F,,,,
EIF4E,EIF3G,,,,
EIF4E,EIF3H,,,,
EIF4E,EIF3I,,,,
EIF4E,EIF3J,,,,
EIF4E,EIF3K,,,,
EIF4E,EIF4A2,,,,
EIF4E,EIF4A3,,,,
EIF4E,EIF4B,,,,
EIF4E,EIF4E,,,,
EIF4E,EIF4E2,,,,
EIF4E,EIF4E3,,,,
EIF4E,EIF4EBP1,,,,
EIF4E,EIF4EBP2,,,,
EIF4E,EIF4EBP3,,,,
EIF4E,EIF4G1,,,,
EIF4E,EIF4G3,,,,
EIF4E,EIF5,,,,
EIF4E,EIF5B,,,,
EIF4E,ELAVL1,,,,
EIF4E,ERBB3,,,,
EIF4E,FAU,,,,
EIF4E,G3BP1,,,,
EIF4E,HERC5,,,,
EIF4E,HNRNPA1,,,,
EIF4E,HSPB1,,,,
EIF4E,ISG15,,,,
EIF4E,LRPPRC,,,,
EIF4E,MAGOH,,,,
EIF4E,MAPK14,,,,
EIF4E,MAPK3,,,,
EIF4E,MAPKAPK3,,,,
EIF4E,MAX,,,,
EIF4E,MKNK1,,,,
EIF4E,MKNK2,,,,
EIF4E,MLST8,,,,
EIF4E,MTOR,,,,
EIF4E,MYC,,,,
EIF4E,NAT1,,,,
EIF4E,NCBP1,,,,
EIF4E,NCBP2,,,,
EIF4E,NFKB1,,,,
EIF4E,NFX1,,,,
EIF4E,NUP107,,,,
EIF4E,NUP133,,,,
EIF4E,NUP153,,,,
EIF4E,NUP155,,,,
EIF4E,NUP160,,,,
EIF4E,NUP188,,,,
EIF4E,NUP205,,,,
EIF4E,NUP210,,,,
EIF4E,NUP214,,,,
EIF4E,NUP35,,,,
EIF4E,NUP37,,,,
EIF4E,NUP43,,,,
EIF4E,NUP50,,,,
EIF4E,NUP54,,,,
EIF4E,NUP62,,,,
EIF4E,NUP85,,,,
EIF4E,NUP88,,,,
EIF4E,NUP93,,,,
EIF4E,NXF1,,,,
EIF4E,PABPC3,,,,
EIF4E,PABPC4,,,,
EIF4E,PAIP1,,,,
EIF4E,PAN2,,,,
EIF4E,PAN3,,,,
EIF4E,PARN,,,,
EIF4E,PIK3C2A,,,,
EIF4E,PML,,,,
EIF4E,PPP2R5D,,,,
EIF4E,PRMT5,,,,
EIF4E,PSMC4,,,,
EIF4E,PTBP1,,,,
EIF4E,PTBP2,,,,
EIF4E,PTPA,,,,
EIF4E,RAE1,,,,
EIF4E,RGPD8,,,,
EIF4E,RHEB,,,,
EIF4E,RLIM,,,,
EIF4E,RNMT,,,,
EIF4E,RNPS1,,,,
EIF4E,RPL10A,,,,
EIF4E,RPL11,,,,
EIF4E,RPL12,,,,
EIF4E,RPL13,,,,
EIF4E,RPL13A,,,,
EIF4E,RPL14,,,,
EIF4E,RPL15,,,,
EIF4E,RPL17,,,,
EIF4E,RPL18,,,,
EIF4E,RPL18A,,,,
EIF4E,RPL19,,,,
EIF4E,RPL21,,,,
EIF4E,RPL22,,,,
EIF4E,RPL23,,,,
EIF4E,RPL23A,,,,
EIF4E,RPL24,,,,
EIF4E,RPL26,,,,
EIF4E,RPL26L1,,,,
EIF4E,RPL27,,,,
EIF4E,RPL27A,,,,
EIF4E,RPL28,,,,
EIF4E,RPL29,,,,
EIF4E,RPL3,,,,
EIF4E,RPL30,,,,
EIF4E,RPL31,,,,
EIF4E,RPL32,,,,
EIF4E,RPL34,,,,
EIF4E,RPL35,,,,
EIF4E,RPL35A,,,,
EIF4E,RPL36,,,,
EIF4E,RPL37,,,,
EIF4E,RPL37A,,,,
EIF4E,RPL38,,,,
EIF4E,RPL39,,,,
EIF4E,RPL4,,,,
EIF4E,RPL41,,,,
EIF4E,RPL5,,,,
EIF4E,RPL6,,,,
EIF4E,RPL7,,,,
EIF4E,RPL8,,,,
EIF4E,RPL9P7,,,,
EIF4E,RPLP0P6,,,,
EIF4E,RPLP2,,,,
EIF4E,RPS10-NUDT3,,,,
EIF4E,RPS11,,,,
EIF4E,RPS12,,,,
EIF4E,RPS13,,,,
EIF4E,RPS14,,,,
EIF4E,RPS15,,,,
EIF4E,RPS15A,,,,
EIF4E,RPS16,,,,
EIF4E,RPS19,,,,
EIF4E,RPS2,,,,
EIF4E,RPS20,,,,
EIF4E,RPS21,,,,
EIF4E,RPS23,,,,
EIF4E,RPS24,,,,
EIF4E,RPS26,,,,
EIF4E,RPS27,,,,
EIF4E,RPS28,,,,
EIF4E,RPS29,,,,
EIF4E,RPS3,,,,
EIF4E,RPS3A,,,,
EIF4E,RPS4X,,,,
EIF4E,RPS4Y1,,,,
EIF4E,RPS5,,,,
EIF4E,RPS6,,,,
EIF4E,RPS6KB1,,,,
EIF4E,RPS7,,,,
EIF4E,RPS8,,,,
EIF4E,RPSA,,,,
EIF4E,RRP1,,,,
EIF4E,SLBP,,,,
EIF4E,SNORA67,,,,
EIF4E,SRA1,,,,
EIF4E,SRRM1,,,,
EIF4E,TPR,,,,
EIF4E,TSC2,,,,
EIF4E,TXN2,,,,
EIF4E,UBC,,,,
EIF4E,UBE2L6,,,,
EIF4E,UPF1,,,,
EIF4E,UPF3B,,,,
EIF4E,VEGFA,,,,
EIF4E,XRN1,,,,
ENO1,ACLY,,,,
ENO1,ALDOA,,,,
ENO1,ALDOC,,,,
ENO1,ARNT,,,,
ENO1,ENO1,,,,
ENO1,GAPDH,,,,
ENO1,GPI,,,,
ENO1,HIF1A,,,,
ENO1,ISG15,,,,
ENO1,LDHA,,,,
ENO1,LDHB,,,,
ENO1,MAX,,,,
ENO1,MDH1,,,,
ENO1,MDH2,,,,
ENO1,MYC,,,,
ENO1,PFKL,,,,
ENO1,PFKP,,,,
ENO1,PGAM1,,,,
ENO1,PGK1,,,,
ENO1,PGM1,,,,
ENO1,PKM,,,,
ENO1,PLG,,,,
ENO1,PPIA,,,,
ENO1,PYGL,,,,
ENO1,SLK,,,,
ENO1,TPI1,,,,
ENO1,UBC,,,,
HIF1A,ABCB1,,,,
HIF1A,ADM,,,,
HIF1A,AKT1,,,,
HIF1A,ALDOA,,,,
HIF1A,ALOX5AP,,,,
HIF1A,APEX1,,,,
HIF1A,ARNT,,,,
HIF1A,ARNTL,,,,
HIF1A,ARSB,,,,
HIF1A,ASPH,,,,
HIF1A,ATM,,,,
HIF1A,BCL2,,,,
HIF1A,BHLHE40,,,,
HIF1A,BHLHE41,,,,
HIF1A,BIRC5,,,,
HIF1A,BNIP3,,,,
HIF1A,CCL4,,,,
HIF1A,CD164,,,,
HIF1A,CD2AP,,,,
HIF1A,CDKN1A,,,,
HIF1A,CEBPD,,,,
HIF1A,CHD9,,,,
HIF1A,CITED2,,,,
HIF1A,CKLF,,,,
HIF1A,COPS5,,,,
HIF1A,CREB1,,,,
HIF1A,CREBBP,,,,
HIF1A,CTNNB1,,,,
HIF1A,CUL2,,,,
HIF1A,DDIT4,,,,
HIF1A,EGFR,,,,
HIF1A,EGLN1,,,,
HIF1A,EGLN2,,,,
HIF1A,EGLN3,,,,
HIF1A,ELAVL1,,,,
HIF1A,ELOB,,,,
HIF1A,ELOC,,,,
HIF1A,ENO1,,,,
HIF1A,EP300,,,,
HIF1A,ERLEC1,,,,
HIF1A,ETS1,,,,
HIF1A,FECH,,,,
HIF1A,FURIN,,,,
HIF1A,GK,,,,
HIF1A,HDAC1,,,,
HIF1A,HDAC2,,,,
HIF1A,HDAC3,,,,
HIF1A,HDAC4,,,,
HIF1A,HDAC7,,,,
HIF1A,HDAC9,,,,
HIF1A,HELZ2,,,,
HIF1A,HIF1A,,,,
HIF1A,HIF1AN,,,,
HIF1A,HIPK2,,,,
HIF1A,HK1,,,,
HIF1A,HK2,,,,
HIF1A,HLF,,,,
HIF1A,HNF4A,,,,
HIF1A,HSP90AA4P,,,,
HIF1A,HSP90AB2P,,,,
HIF1A,HSPA4,,,,
HIF1A,HSPB1,,,,
HIF1A,ID1,,,,
HIF1A,ID2,,,,
HIF1A,IGF1,,,,
HIF1A,IKBKB,,,,
HIF1A,IL1B,,,,
HIF1A,ITGB2,,,,
HIF1A,JUN,,,,
HIF1A,KAT2B,,,,
HIF1A,LAMP2,,,,
HIF1A,LAP3,,,,
HIF1A,LDHA,,,,
HIF1A,LGALS3,,,,
HIF1A,MAT2A,,,,
HIF1A,MCL1,,,,
HIF1A,MDM2,,,,
HIF1A,MED1,,,,
HIF1A,MET,,,,
HIF1A,MGMT,,,,
HIF1A,MTA3,,,,
HIF1A,MTOR,,,,
HIF1A,MYC,,,,
HIF1A,NCOA1,,,,
HIF1A,NCOA2,,,,
HIF1A,NCOA6,,,,
HIF1A,NCOR1,,,,
HIF1A,NDRG1,,,,
HIF1A,NOTCH1,,,,
HIF1A,NPM1,,,,
HIF1A,OS9,,,,
HIF1A,P4HB,,,,
HIF1A,PFKFB3,,,,
HIF1A,PFKL,,,,
HIF1A,PGM1,,,,
HIF1A,PKM,,,,
HIF1A,PLIN2,,,,
HIF1A,PPARA,,,,
HIF1A,PRDX1,,,,
HIF1A,PSMA7,,,,
HIF1A,PTENP1,,,,
HIF1A,PTGS2,,,,
HIF1A,RAC1,,,,
HIF1A,RACK1,,,,
HIF1A,RBMS1,,,,
HIF1A,RBX1,,,,
HIF1A,RECK,,,,
HIF1A,RELA,,,,
HIF1A,RORA,,,,
HIF1A,RPS6KB1,,,,
HIF1A,RWDD3,,,,
HIF1A,SAT2,,,,
HIF1A,SIRT2,,,,
HIF1A,SLC2A1,,,,
HIF1A,SLC2A14,,,,
HIF1A,SLC2A3,,,,
HIF1A,SMAD3,,,,
HIF1A,SMAD4,,,,
HIF1A,SP1,,,,
HIF1A,SRA1,,,,
HIF1A,STAT1,,,,
HIF1A,STAT3,,,,
HIF1A,STAT5B,,,,
HIF1A,SUMO1,,,,
HIF1A,SUMO3,,,,
HIF1A,TBL1X,,,,
HIF1A,TBL1XR1,,,,
HIF1A,TF,,,,
HIF1A,TFRC,,,,
HIF1A,TGS1,,,,
HIF1A,TP53,,,,
HIF1A,UBC,,,,
HIF1A,UBE2A,,,,
HIF1A,UBE2D1,,,,
HIF1A,UBE2D3,,,,
HIF1A,UBXN7,,,,
HIF1A,USP33,,,,
HIF1A,VASP,,,,
HIF1A,VEGFA,,,,
HIF1A,VHL,,,,
HIF1A,VMP1,,,,
HIF1A,XPA,,,,
HIF1A,XPC,,,,
HSPA4,ABL1,,,,
HSPA4,AHSA1,,,,
HSPA4,AKT1,,,,
HSPA4,APAF1,,,,
HSPA4,APOBEC3G,,,,
HSPA4,BAG1,,,,
HSPA4,BAG3,,,,
HSPA4,BAG5,,,,
HSPA4,CCT4,,,,
HSPA4,CCT5,,,,
HSPA4,CD40,,,,
HSPA4,CDC37L1,,,,
HSPA4,CDK1,,,,
HSPA4,CDK5RAP3,,,,
HSPA4,DNAAF2,,,,
HSPA4,DNAJA2,,,,
HSPA4,DNAJA3,,,,
HSPA4,DNAJA4,,,,
HSPA4,DNAJB1,,,,
HSPA4,DNAJB11,,,,
HSPA4,DNAJB12,,,,
HSPA4,DNAJB14,,,,
HSPA4,DNAJB2,,,,
HSPA4,DNAJB4,,,,
HSPA4,DNAJB6,,,,
HSPA4,DNAJB9,,,,
HSPA4,DNAJC10,,,,
HSPA4,DNAJC18,,,,
HSPA4,DNAJC19,,,,
HSPA4,DNAJC3,,,,
HSPA4,DNAJC4,,,,
HSPA4,DNAJC7,,,,
HSPA4,DUSP12,,,,
HSPA4,EGFR,,,,
HSPA4,FOS,,,,
HSPA4,GRPEL1,,,,
HSPA4,GRPEL2,,,,
HSPA4,GSK3B,,,,
HSPA4,GZMB,,,,
HSPA4,HIF1A,,,,
HSPA4,HNRNPD,,,,
HSPA4,HSCB,,,,
HSPA4,HSF1,,,,
HSPA4,HSP90AA4P,,,,
HSPA4,HSP90AB2P,,,,
HSPA4,HSPA4,,,,
HSPA4,HSPA5,,,,
HSPA4,HSPA8,,,,
HSPA4,HSPB1,,,,
HSPA4,HSPBP1,,,,
HSPA4,HSPD1,,,,
HSPA4,HSPE1,,,,
HSPA4,ICAM1,,,,
HSPA4,IKBKG,,,,
HSPA4,IL1B,,,,
HSPA4,ISCU,,,,
HSPA4,MAX,,,,
HSPA4,MCL1,,,,
HSPA4,MIR3652,,,,
HSPA4,MKKS,,,,
HSPA4,MYC,,,,
HSPA4,NCL,,,,
HSPA4,NFAT5,,,,
HSPA4,PARK7,,,,
HSPA4,PINK1,,,,
HSPA4,PRNP,,,,
HSPA4,PTPN11,,,,
HSPA4,RBMS1,,,,
HSPA4,RCOR1,,,,
HSPA4,RPSA,,,,
HSPA4,RUVBL1,,,,
HSPA4,SMAD2,,,,
HSPA4,SMAD3,,,,
HSPA4,SMG1,,,,
HSPA4,SOD1,,,,
HSPA4,ST14,,,,
HSPA4,STAT1,,,,
HSPA4,STAT3,,,,
HSPA4,STIP1,,,,
HSPA4,STUB1,,,,
HSPA4,SUGT1,,,,
HSPA4,TCP1,,,,
HSPA4,TIMM44,,,,
HSPA4,TLR7,,,,
HSPA4,TP53,,,,
HSPA4,TRAF6,,,,
HSPA4,TRAP1,,,,
HSPA4,TTC1,,,,
HSPA4,UBC,,,,
HSPA4,UBE3A,,,,
HSPA4,VCP,,,,
HSPA4,WDTC1,,,,
ILF2,ADAR,,,,
ILF2,DHX9,,,,
ILF2,EIF4A3,,,,
ILF2,ILF2,,,,
ILF2,ILF3,,,,
ILF2,MAGOH,,,,
ILF2,PRKDC,,,,
ILF2,UBC,,,,
ILF2,XRCC5,,,,
ILF2,YBX1,,,,
ILF2,ZFR,,,,
LSM3,CLNS1A,,,,
LSM3,CRNKL1,,,,
LSM3,DCP2,,,,
LSM3,EDC4,,,,
LSM3,LSM1,,,,
LSM3,LSM10,,,,
LSM3,LSM2,,,,
LSM3,LSM3,,,,
LSM3,LSM5,,,,
LSM3,LSM6,,,,
LSM3,LSM7,,,,
LSM3,NAA38,,,,
LSM3,PATL1,,,,
LSM3,PRPF3,,,,
LSM3,PRPF4,,,,
LSM3,PRPF6,,,,
LSM3,PRPF8,,,,
LSM3,SART1,,,,
LSM3,SART3,,,,
LSM3,SF3B1,,,,
LSM3,SNRPB,,,,
LSM3,SNRPD1,,,,
LSM3,SNRPD3,,,,
LSM3,SNRPE,,,,
LSM3,SNRPG,,,,
LSM3,SNRPN,,,,
LSM3,TXNL4A,,,,
LSM3,XRN1,,,,
LSM3,YBX1,,,,
LSM7,CRNKL1,,,,
LSM7,DCP2,,,,
LSM7,DDX6,,,,
LSM7,EDC4,,,,
LSM7,LSM1,,,,
LSM7,LSM10,,,,
LSM7,LSM2,,,,
LSM7,LSM3,,,,
LSM7,LSM5,,,,
LSM7,LSM6,,,,
LSM7,LSM7,,,,
LSM7,NAA38,,,,
LSM7,PATL1,,,,
LSM7,PRPF3,,,,
LSM7,PRPF4,,,,
LSM7,PRPF6,,,,
LSM7,PRPF8,,,,
LSM7,SART1,,,,
LSM7,SART3,,,,
LSM7,SNRPB,,,,
LSM7,SNRPD1,,,,
LSM7,SNRPD2,,,,
LSM7,SNRPD3,,,,
LSM7,SNRPF,,,,
LSM7,SNRPN,,,,
LSM7,TACC1,,,,
LSM7,TXNL4A,,,,
LSM7,TXNL4B,,,,
LSM7,UBC,,,,
LSM7,USP4,,,,
LSM7,WDR44,,,,
LSM7,XRN1,,,,
LSM7,ZMAT2,,,,
NDUFA1,CYC1,,,,
NDUFA1,CYCS,,,,
NDUFA1,MT-CYB,,,,
NDUFA1,MT-ND1,,,,
NDUFA1,MT-ND2,,,,
NDUFA1,MT-ND3,,,,
NDUFA1,MT-ND4,,,,
NDUFA1,MT-ND4L,,,,
NDUFA1,MT-ND5,,,,
NDUFA1,MT-ND6,,,,
NDUFA1,NDUFA1,,,,
NDUFA1,NDUFA10,,,,
NDUFA1,NDUFA11,,,,
NDUFA1,NDUFA12,,,,
NDUFA1,NDUFA13,,,,
NDUFA1,NDUFA2,,,,
NDUFA1,NDUFA4,,,,
NDUFA1,NDUFA5,,,,
NDUFA1,NDUFA6,,,,
NDUFA1,NDUFA7,,,,
NDUFA1,NDUFA8,,,,
NDUFA1,NDUFA9,,,,
NDUFA1,NDUFAB1,,,,
NDUFA1,NDUFB1,,,,
NDUFA1,NDUFB10,,,,
NDUFA1,NDUFB11,,,,
NDUFA1,NDUFB2,,,,
NDUFA1,NDUFB3,,,,
NDUFA1,NDUFB4,,,,
NDUFA1,NDUFB5,,,,
NDUFA1,NDUFB6,,,,
NDUFA1,NDUFB7,,,,
NDUFA1,NDUFB8,,,,
NDUFA1,NDUFB9,,,,
NDUFA1,NDUFC1,,,,
NDUFA1,NDUFC2-KCTD14,,,,
NDUFA1,NDUFS1,,,,
NDUFA1,NDUFS2,,,,
NDUFA1,NDUFS3,,,,
NDUFA1,NDUFS4,,,,
NDUFA1,NDUFS5,,,,
NDUFA1,NDUFS6,,,,
NDUFA1,NDUFS7,,,,
NDUFA1,NDUFS8,,,,
NDUFA1,NDUFV1,,,,
NDUFA1,NDUFV2,,,,
NDUFA1,NDUFV3,,,,
NDUFA1,UQCR10,,,,
NDUFA1,UQCRB,,,,
NDUFA1,UQCRC1,,,,
NDUFA1,UQCRC2,,,,
NDUFA1,UQCRFS1P1,,,,
NDUFA1,UQCRHL,,,,
NDUFA1,UQCRQ,,,,
NDUFB9,COX6A1,,,,
NDUFB9,COX6A1P2,,,,
NDUFB9,COX6C,,,,
NDUFB9,CYC1,,,,
NDUFB9,CYCS,,,,
NDUFB9,CYTH1,,,,
NDUFB9,MT-CYB,,,,
NDUFB9,MT-ND1,,,,
NDUFB9,MT-ND2,,,,
NDUFB9,MT-ND3,,,,
NDUFB9,MT-ND4,,,,
NDUFB9,MT-ND4L,,,,
NDUFB9,MT-ND5,,,,
NDUFB9,MT-ND6,,,,
NDUFB9,NDUFA1,,,,
NDUFB9,NDUFA10,,,,
NDUFB9,NDUFA11,,,,
NDUFB9,NDUFA12,,,,
NDUFB9,NDUFA13,,,,
NDUFB9,NDUFA2,,,,
NDUFB9,NDUFA4,,,,
NDUFB9,NDUFA5,,,,
NDUFB9,NDUFA6,,,,
NDUFB9,NDUFA7,,,,
NDUFB9,NDUFA8,,,,
NDUFB9,NDUFA9,,,,
NDUFB9,NDUFAB1,,,,
NDUFB9,NDUFB1,,,,
NDUFB9,NDUFB10,,,,
NDUFB9,NDUFB11,,,,
NDUFB9,NDUFB2,,,,
NDUFB9,NDUFB3,,,,
NDUFB9,NDUFB4,,,,
NDUFB9,NDUFB5,,,,
NDUFB9,NDUFB6,,,,
NDUFB9,NDUFB7,,,,
NDUFB9,NDUFB8,,,,
NDUFB9,NDUFB9,,,,
NDUFB9,NDUFC1,,,,
NDUFB9,NDUFC2-KCTD14,,,,
NDUFB9,NDUFS1,,,,
NDUFB9,NDUFS2,,,,
NDUFB9,NDUFS3,,,,
NDUFB9,NDUFS4,,,,
NDUFB9,NDUFS5,,,,
NDUFB9,NDUFS6,,,,
NDUFB9,NDUFS7,,,,
NDUFB9,NDUFS8,,,,
NDUFB9,NDUFV1,,,,
NDUFB9,NDUFV2,,,,
NDUFB9,NDUFV3,,,,
NDUFB9,SDHB,,,,
NDUFB9,STX4,,,,
NDUFB9,UQCR10,,,,
NDUFB9,UQCRB,,,,
NDUFB9,UQCRC1,,,,
NDUFB9,UQCRC2,,,,
NDUFB9,UQCRFS1P1,,,,
NDUFB9,UQCRHL,,,,
NDUFB9,UQCRQ,,,,
NDUFS6,COX15,,,,
NDUFS6,COX6A1,,,,
NDUFS6,COX6A1P2,,,,
NDUFS6,CYC1,,,,
NDUFS6,CYCS,,,,
NDUFS6,MT-CYB,,,,
NDUFS6,MT-ND1,,,,
NDUFS6,MT-ND2,,,,
NDUFS6,MT-ND3,,,,
NDUFS6,MT-ND4,,,,
NDUFS6,MT-ND4L,,,,
NDUFS6,MT-ND5,,,,
NDUFS6,MT-ND6,,,,
NDUFS6,NDUFA1,,,,
NDUFS6,NDUFA10,,,,
NDUFS6,NDUFA11,,,,
NDUFS6,NDUFA12,,,,
NDUFS6,NDUFA13,,,,
NDUFS6,NDUFA2,,,,
NDUFS6,NDUFA4,,,,
NDUFS6,NDUFA5,,,,
NDUFS6,NDUFA6,,,,
NDUFS6,NDUFA7,,,,
NDUFS6,NDUFA8,,,,
NDUFS6,NDUFA9,,,,
NDUFS6,NDUFAB1,,,,
NDUFS6,NDUFB1,,,,
NDUFS6,NDUFB10,,,,
NDUFS6,NDUFB11,,,,
NDUFS6,NDUFB2,,,,
NDUFS6,NDUFB3,,,,
NDUFS6,NDUFB4,,,,
NDUFS6,NDUFB5,,,,
NDUFS6,NDUFB6,,,,
NDUFS6,NDUFB7,,,,
NDUFS6,NDUFB8,,,,
NDUFS6,NDUFB9,,,,
NDUFS6,NDUFC1,,,,
NDUFS6,NDUFC2-KCTD14,,,,
NDUFS6,NDUFS1,,,,
NDUFS6,NDUFS2,,,,
NDUFS6,NDUFS3,,,,
NDUFS6,NDUFS4,,,,
NDUFS6,NDUFS5,,,,
NDUFS6,NDUFS6,,,,
NDUFS6,NDUFS7,,,,
NDUFS6,NDUFS8,,,,
NDUFS6,NDUFV1,,,,
NDUFS6,NDUFV2,,,,
NDUFS6,NDUFV3,,,,
NDUFS6,RALA,,,,
NDUFS6,UQCR10,,,,
NDUFS6,UQCRB,,,,
NDUFS6,UQCRC1,,,,
NDUFS6,UQCRC2,,,,
NDUFS6,UQCRFS1P1,,,,
NDUFS6,UQCRHL,,,,
NDUFS6,UQCRQ,,,,
NHP2,BRIX1,,,,
NHP2,DIMT1,,,,
NHP2,DKC1,,,,
NHP2,EBNA1BP2,,,,
NHP2,FBL,,,,
NHP2,FTSJ3,,,,
NHP2,GRWD1,,,,
NHP2,IMP3,,,,
NHP2,IMP4,,,,
NHP2,KRR1,,,,
NHP2,LARP7,,,,
NHP2,LYAR,,,,
NHP2,MRTO4,,,,
NHP2,NAF1,,,,
NHP2,NHP2,,,,
NHP2,NIFK,,,,
NHP2,NIP7,,,,
NHP2,NOP10,,,,
NHP2,NOP16,,,,
NHP2,NOP56,,,,
NHP2,NOP58,,,,
NHP2,NSA2,,,,
NHP2,PDCD11,,,,
NHP2,PNO1,,,,
NHP2,POLR1D,,,,
NHP2,POLR2E,,,,
NHP2,POLR2F,,,,
NHP2,RBM28,,,,
NHP2,RPA2,,,,
NHP2,RPF1,,,,
NHP2,RPF2,,,,
NHP2,RPL15,,,,
NHP2,RPL18,,,,
NHP2,RPL19,,,,
NHP2,RPL21,,,,
NHP2,RPL24,,,,
NHP2,RPL30,,,,
NHP2,RPL32,,,,
NHP2,RPL5,,,,
NHP2,RPL7,,,,
NHP2,RPL7L1,,,,
NHP2,RPP38,,,,
NHP2,RPS12,,,,
NHP2,RPS13,,,,
NHP2,RPS19,,,,
NHP2,RPS2,,,,
NHP2,RPS23,,,,
NHP2,RPS28,,,,
NHP2,RPS3,,,,
NHP2,RPS3A,,,,
NHP2,RPS6,,,,
NHP2,RRS1,,,,
NHP2,RSL24D1,,,,
NHP2,SHQ1,,,,
NHP2,SNU13,,,,
NHP2,SSB,,,,
NHP2,TFB2M,,,,
NHP2,TRUB1,,,,
NHP2,TWISTNB,,,,
NHP2,UBC,,,,
NHP2,WDR12,,,,
NHP2,ZNRD1,,,,
POLR2G,ADCY3,,,,
POLR2G,ADCY7,,,,
POLR2G,AK6,,,,
POLR2G,ALYREF,,,,
POLR2G,CCAR1,,,,
POLR2G,CCNH,,,,
POLR2G,CCNT1,,,,
POLR2G,CCNT2,,,,
POLR2G,CD2BP2,,,,
POLR2G,CDC40,,,,
POLR2G,CDK9,,,,
POLR2G,CLP1,,,,
POLR2G,CPSF2,,,,
POLR2G,CPSF3,,,,
POLR2G,CPSF7,,,,
POLR2G,CSTF1,,,,
POLR2G,CSTF2,,,,
POLR2G,CSTF3,,,,
POLR2G,CTDP1,,,,
POLR2G,CTPS1,,,,
POLR2G,CTPS2,,,,
POLR2G,DDX23,,,,
POLR2G,DGCR8,,,,
POLR2G,DHX38,,,,
POLR2G,DHX9,,,,
POLR2G,DNAJC8,,,,
POLR2G,EFTUD2,,,,
POLR2G,ELL,,,,
POLR2G,ELOA,,,,
POLR2G,ELOB,,,,
POLR2G,ELOC,,,,
POLR2G,ENTPD1,,,,
POLR2G,ERCC1,,,,
POLR2G,ERCC3,,,,
POLR2G,ERCC5,,,,
POLR2G,ERCC6,,,,
POLR2G,FLI1,,,,
POLR2G,FUS,,,,
POLR2G,GCH1,,,,
POLR2G,GTF2A1,,,,
POLR2G,GTF2A2,,,,
POLR2G,GTF2B,,,,
POLR2G,GTF2E1,,,,
POLR2G,GTF2E2,,,,
POLR2G,GTF2F1,,,,
POLR2G,GTF2F2,,,,
POLR2G,GTF2H1,,,,
POLR2G,GTF2H3,,,,
POLR2G,HNRNPA0,,,,
POLR2G,HNRNPA1,,,,
POLR2G,HNRNPA2B1,,,,
POLR2G,HNRNPA3,,,,
POLR2G,HNRNPC,,,,
POLR2G,HNRNPD,,,,
POLR2G,HNRNPF,,,,
POLR2G,HNRNPH1,,,,
POLR2G,HNRNPK,,,,
POLR2G,HNRNPL,,,,
POLR2G,HNRNPM,,,,
POLR2G,HNRNPR,,,,
POLR2G,HNRNPU,,,,
POLR2G,HNRNPUL1,,,,
POLR2G,INTS5,,,,
POLR2G,INTS6,,,,
POLR2G,ITPA,,,,
POLR2G,MAGOH,,,,
POLR2G,MED10,,,,
POLR2G,METTL3,,,,
POLR2G,MNAT1,,,,
POLR2G,NCBP1,,,,
POLR2G,NCBP2,,,,
POLR2G,NELFA,,,,
POLR2G,NELFCD,,,,
POLR2G,NFX1,,,,
POLR2G,NME1,,,,
POLR2G,NME2,,,,
POLR2G,NME2P1,,,,
POLR2G,NME3,,,,
POLR2G,NME4,,,,
POLR2G,NME7,,,,
POLR2G,NTPCR,,,,
POLR2G,NUDT2,,,,
POLR2G,NUDT21,,,,
POLR2G,PABPN1,,,,
POLR2G,PAPOLA,,,,
POLR2G,PATL1,,,,
POLR2G,PCBP1,,,,
POLR2G,PCBP2,,,,
POLR2G,PCF11,,,,
POLR2G,PHF5A,,,,
POLR2G,PKM,,,,
POLR2G,PNPT1,,,,
POLR2G,POLR1D,,,,
POLR2G,POLR1E,,,,
POLR2G,POLR2A,,,,
POLR2G,POLR2B,,,,
POLR2G,POLR2C,,,,
POLR2G,POLR2E,,,,
POLR2G,POLR2F,,,,
POLR2G,POLR2G,,,,
POLR2G,POLR2H,,,,
POLR2G,POLR2I,,,,
POLR2G,POLR2J,,,,
POLR2G,POLR2J2,,,,
POLR2G,POLR2J3,,,,
POLR2G,POLR2K,,,,
POLR2G,POLR2L,,,,
POLR2G,POLR3A,,,,
POLR2G,POLR3F,,,,
POLR2G,PRPF4,,,,
POLR2G,PRPF6,,,,
POLR2G,PRPF8,,,,
POLR2G,PTBP1,,,,
POLR2G,RAD1,,,,
POLR2G,RBM5,,,,
POLR2G,RBMX,,,,
POLR2G,RBP4,,,,
POLR2G,RNGTT,,,,
POLR2G,RNMT,,,,
POLR2G,RNPS1,,,,
POLR2G,RPAP2,,,,
POLR2G,SETD2,,,,
POLR2G,SF3A1,,,,
POLR2G,SF3A3,,,,
POLR2G,SF3B1,,,,
POLR2G,SF3B3,,,,
POLR2G,SF3B5,,,,
POLR2G,SLC7A6OS,,,,
POLR2G,SNRNP200,,,,
POLR2G,SNRNP40,,,,
POLR2G,SNRNP70,,,,
POLR2G,SNRPA,,,,
POLR2G,SNRPA1,,,,
POLR2G,SNRPB,,,,
POLR2G,SNRPB2,,,,
POLR2G,SNRPD1,,,,
POLR2G,SNRPD2,,,,
POLR2G,SNRPD3,,,,
POLR2G,SNRPE,,,,
POLR2G,SNRPF,,,,
POLR2G,SNRPG,,,,
POLR2G,SNU13,,,,
POLR2G,SRRM1,,,,
POLR2G,SRSF1,,,,
POLR2G,SRSF11,,,,
POLR2G,SRSF2,,,,
POLR2G,SRSF3,,,,
POLR2G,SRSF4,,,,
POLR2G,SRSF5,,,,
POLR2G,SRSF6,,,,
POLR2G,SRSF7,,,,
POLR2G,SRSF9,,,,
POLR2G,SSRP1,,,,
POLR2G,SUGP1,,,,
POLR2G,SUPT16H,,,,
POLR2G,SUPT4H1,,,,
POLR2G,SUPT5H,,,,
POLR2G,TAF1,,,,
POLR2G,TAF10,,,,
POLR2G,TAF11,,,,
POLR2G,TAF12,,,,
POLR2G,TAF13,,,,
POLR2G,TAF4B,,,,
POLR2G,TAF5,,,,
POLR2G,TBP,,,,
POLR2G,TCEA1,,,,
POLR2G,TCEA2,,,,
POLR2G,TXNL4A,,,,
POLR2G,U2AF1L4,,,,
POLR2G,U2AF2,,,,
POLR2G,UBC,,,,
POLR2G,UBXN7,,,,
POLR2G,UPF3B,,,,
POLR2G,URI1,,,,
POLR2G,YBX1,,,,
PSMA2,ADRM1,,,,
PSMA2,CNOT4,,,,
PSMA2,KLHL8,,,,
PSMA2,NSF,,,,
PSMA2,POMP,,,,
PSMA2,PSMA1,,,,
PSMA2,PSMA2,,,,
PSMA2,PSMA3,,,,
PSMA2,PSMA4,,,,
PSMA2,PSMA5,,,,
PSMA2,PSMA6,,,,
PSMA2,PSMA7,,,,
PSMA2,PSMB1,,,,
PSMA2,PSMB10,,,,
PSMA2,PSMB2,,,,
PSMA2,PSMB3,,,,
PSMA2,PSMB4,,,,
PSMA2,PSMB5,,,,
PSMA2,PSMB6,,,,
PSMA2,PSMB7,,,,
PSMA2,PSMB8,,,,
PSMA2,PSMB9,,,,
PSMA2,PSMC1,,,,
PSMA2,PSMC2,,,,
PSMA2,PSMC3,,,,
PSMA2,PSMC4,,,,
PSMA2,PSMC5,,,,
PSMA2,PSMC6,,,,
PSMA2,PSMD11,,,,
PSMA2,PSMD12,,,,
PSMA2,PSMD13,,,,
PSMA2,PSMD14,,,,
PSMA2,PSMD3,,,,
PSMA2,PSMD4,,,,
PSMA2,PSMD5,,,,
PSMA2,PSMD6,,,,
PSMA2,PSMD7,,,,
PSMA2,PSMD8,,,,
PSMA2,PSME2,,,,
PSMA2,PSME4,,,,
PSMA2,PSMF1,,,,
PSMA2,RPN1,,,,
PSMA2,RPN2,,,,
PSMA2,SEM1,,,,
PSMA2,THUMPD1,,,,
PSMA2,UBC,,,,
PSMA2,UCHL5,,,,
PSMA2,VCP,,,,
PSMB6,ANAPC1,,,,
PSMB6,ANAPC10,,,,
PSMB6,ANAPC11,,,,
PSMB6,ANAPC4,,,,
PSMB6,ANAPC5,,,,
PSMB6,AURKA,,,,
PSMB6,AURKB,,,,
PSMB6,AXIN1,,,,
PSMB6,BLMH,,,,
PSMB6,BTRC,,,,
PSMB6,BUB3,,,,
PSMB6,CCND1,,,,
PSMB6,CDC16,,,,
PSMB6,CDC20,,,,
PSMB6,CDC23,,,,
PSMB6,CDC26,,,,
PSMB6,CDC27,,,,
PSMB6,CDK1,,,,
PSMB6,CDK2,,,,
PSMB6,CDKN1A,,,,
PSMB6,CDKN1B,,,,
PSMB6,COP1,,,,
PSMB6,CUL1,,,,
PSMB6,CUL3,,,,
PSMB6,DVL2,,,,
PSMB6,DVL3,,,,
PSMB6,EIF4G1,,,,
PSMB6,FZR1,,,,
PSMB6,GEM,,,,
PSMB6,HSPA8,,,,
PSMB6,HSPB1,,,,
PSMB6,KLHL12,,,,
PSMB6,LNPEP,,,,
PSMB6,MAD2L1,,,,
PSMB6,NPEPPS,,,,
PSMB6,OAZ1,,,,
PSMB6,OAZ2,,,,
PSMB6,ODC1,,,,
PSMB6,PAK2,,,,
PSMB6,PARD6A,,,,
PSMB6,POMP,,,,
PSMB6,PSMA1,,,,
PSMB6,PSMA2,,,,
PSMB6,PSMA3,,,,
PSMB6,PSMA4,,,,
PSMB6,PSMA5,,,,
PSMB6,PSMA6,,,,
PSMB6,PSMA7,,,,
PSMB6,PSMB1,,,,
PSMB6,PSMB10,,,,
PSMB6,PSMB2,,,,
PSMB6,PSMB3,,,,
PSMB6,PSMB4,,,,
PSMB6,PSMB5,,,,
PSMB6,PSMB6,,,,
PSMB6,PSMB7,,,,
PSMB6,PSMB8,,,,
PSMB6,PSMC1,,,,
PSMB6,PSMC2,,,,
PSMB6,PSMC3,,,,
PSMB6,PSMC4,,,,
PSMB6,PSMC5,,,,
PSMB6,PSMC6,,,,
PSMB6,PSMD10,,,,
PSMB6,PSMD11,,,,
PSMB6,PSMD12,,,,
PSMB6,PSMD13,,,,
PSMB6,PSMD14,,,,
PSMB6,PSMD3,,,,
PSMB6,PSMD4,,,,
PSMB6,PSMD5,,,,
PSMB6,PSMD6,,,,
PSMB6,PSMD7,,,,
PSMB6,PSMD8,,,,
PSMB6,PSMD9,,,,
PSMB6,PSME1,,,,
PSMB6,PSME2,,,,
PSMB6,PSME3,,,,
PSMB6,PSME4,,,,
PSMB6,PSMF1,,,,
PSMB6,PTTG1,,,,
PSMB6,RBX1,,,,
PSMB6,RLIM,,,,
PSMB6,RPN1,,,,
PSMB6,RPN2,,,,
PSMB6,SEC61A1,,,,
PSMB6,SEC61A2,,,,
PSMB6,SEC61B,,,,
PSMB6,SEC61G,,,,
PSMB6,SKP1,,,,
PSMB6,SKP2,,,,
PSMB6,SMURF1,,,,
PSMB6,TNKS,,,,
PSMB6,TNKS2,,,,
PSMB6,TPP2,,,,
PSMB6,UBC,,,,
PSMB6,UBE2C,,,,
PSMB6,UBE2D1,,,,
PSMB6,UBE2E1,,,,
PSMB6,UCHL5,,,,
PSMB6,UQCRC2,,,,
PSMB6,ZCCHC8,,,,
PSMD8,ADRM1,,,,
PSMD8,ANAPC1,,,,
PSMD8,ANAPC10,,,,
PSMD8,ANAPC11,,,,
PSMD8,ANAPC4,,,,
PSMD8,ANAPC5,,,,
PSMD8,ANKRD42,,,,
PSMD8,AURKA,,,,
PSMD8,AURKB,,,,
PSMD8,AXIN1,,,,
PSMD8,BAP1,,,,
PSMD8,BLMH,,,,
PSMD8,BRCC3,,,,
PSMD8,BTRC,,,,
PSMD8,BUB3,,,,
PSMD8,CCND1,,,,
PSMD8,CDC16,,,,
PSMD8,CDC20,,,,
PSMD8,CDC23,,,,
PSMD8,CDC26,,,,
PSMD8,CDC27,,,,
PSMD8,CDK1,,,,
PSMD8,CDK2,,,,
PSMD8,CDKN1A,,,,
PSMD8,CDKN1B,,,,
PSMD8,COP1,,,,
PSMD8,CUL1,,,,
PSMD8,CUL3,,,,
PSMD8,DVL2,,,,
PSMD8,DVL3,,,,
PSMD8,EIF4G1,,,,
PSMD8,FZR1,,,,
PSMD8,GEM,,,,
PSMD8,HSPA8,,,,
PSMD8,HSPB1,,,,
PSMD8,KLHL12,,,,
PSMD8,LNPEP,,,,
PSMD8,MAD2L1,,,,
PSMD8,MYSM1,,,,
PSMD8,NINJ1,,,,
PSMD8,NOB1,,,,
PSMD8,NPEPPS,,,,
PSMD8,NSF,,,,
PSMD8,OAZ1,,,,
PSMD8,OAZ2,,,,
PSMD8,ODC1,,,,
PSMD8,PAAF1,,,,
PSMD8,PAK2,,,,
PSMD8,PARD6A,,,,
PSMD8,PSMA1,,,,
PSMD8,PSMA2,,,,
PSMD8,PSMA3,,,,
PSMD8,PSMA4,,,,
PSMD8,PSMA5,,,,
PSMD8,PSMA6,,,,
PSMD8,PSMA7,,,,
PSMD8,PSMB1,,,,
PSMD8,PSMB10,,,,
PSMD8,PSMB2,,,,
PSMD8,PSMB3,,,,
PSMD8,PSMB4,,,,
PSMD8,PSMB5,,,,
PSMD8,PSMB6,,,,
PSMD8,PSMB7,,,,
PSMD8,PSMB8,,,,
PSMD8,PSMB9,,,,
PSMD8,PSMC1,,,,
PSMD8,PSMC2,,,,
PSMD8,PSMC3,,,,
PSMD8,PSMC4,,,,
PSMD8,PSMC5,,,,
PSMD8,PSMC6,,,,
PSMD8,PSMD10,,,,
PSMD8,PSMD11,,,,
PSMD8,PSMD12,,,,
PSMD8,PSMD13,,,,
PSMD8,PSMD14,,,,
PSMD8,PSMD3,,,,
PSMD8,PSMD4,,,,
PSMD8,PSMD5,,,,
PSMD8,PSMD6,,,,
PSMD8,PSMD7,,,,
PSMD8,PSMD8,,,,
PSMD8,PSMD9,,,,
PSMD8,PSME1,,,,
PSMD8,PSME2,,,,
PSMD8,PSME3,,,,
PSMD8,PSME4,,,,
PSMD8,PSMF1,,,,
PSMD8,PTTG1,,,,
PSMD8,RAD23A,,,,
PSMD8,RAD23B,,,,
PSMD8,RBX1,,,,
PSMD8,RLIM,,,,
PSMD8,RPLP2,,,,
PSMD8,RPN1,,,,
PSMD8,RPN2,,,,
PSMD8,SEC61A1,,,,
PSMD8,SEC61A2,,,,
PSMD8,SEC61B,,,,
PSMD8,SEC61G,,,,
PSMD8,SEM1,,,,
PSMD8,SKP1,,,,
PSMD8,SKP2,,,,
PSMD8,SMURF1,,,,
PSMD8,TNKS,,,,
PSMD8,TNKS2,,,,
PSMD8,TPP2,,,,
PSMD8,TUBG1,,,,
PSMD8,UBC,,,,
PSMD8,UBE2C,,,,
PSMD8,UBE2D1,,,,
PSMD8,UBE2E1,,,,
PSMD8,UBLCP1,,,,
PSMD8,UCHL5,,,,
PSMD8,USP14,,,,
RAB7A,ACTR1A,,,,
RAB7A,ACTR1B,,,,
RAB7A,AKT1,,,,
RAB7A,CHM,,,,
RAB7A,CTNNB1,,,,
RAB7A,CXCL8,,,,
RAB7A,DCTN1,,,,
RAB7A,DCTN2,,,,
RAB7A,DCTN3,,,,
RAB7A,DCTN4,,,,
RAB7A,DCTN5,,,,
RAB7A,DCTN6,,,,
RAB7A,DNM2,,,,
RAB7A,DYNC1H1,,,,
RAB7A,DYNC1I2,,,,
RAB7A,DYNC1LI1,,,,
RAB7A,DYNC1LI2,,,,
RAB7A,DYNLL1,,,,
RAB7A,DYNLL2,,,,
RAB7A,EEA1,,,,
RAB7A,FOXO1,,,,
RAB7A,GABARAPL1,,,,
RAB7A,GDI1,,,,
RAB7A,GDI2,,,,
RAB7A,HGS,,,,
RAB7A,HLA-DRB1,,,,
RAB7A,HLA-DRB5,,,,
RAB7A,LAMP1,,,,
RAB7A,MAPK14,,,,
RAB7A,MFN2,,,,
RAB7A,MON1A,,,,
RAB7A,MON1B,,,,
RAB7A,PIK3R4,,,,
RAB7A,PLEKHM1,,,,
RAB7A,PSMA7,,,,
RAB7A,RAB11A,,,,
RAB7A,RAB11B,,,,
RAB7A,RAB1A,,,,
RAB7A,RAB5A,,,,
RAB7A,RAB7A,,,,
RAB7A,RAB8A,,,,
RAB7A,RABAC1,,,,
RAB7A,RUFY3,,,,
RAB7A,TBC1D15,,,,
RAB7A,TBC1D22A,,,,
RAB7A,TBC1D22B,,,,
RAB7A,TIFA,,,,
RAB7A,TRAP1,,,,
RAB7A,TUBA1B,,,,
RAB7A,TUBA1C,,,,
RAB7A,TUBA4A,,,,
RAB7A,TUBB2A,,,,
RAB7A,TUBB4A,,,,
RAB7A,TUBB4B,,,,
RAB7A,TUBB6,,,,
RAB7A,UBC,,,,
RAB7A,VAMP7,,,,
RAB7A,VPS16,,,,
RAB7A,VPS26A,,,,
RAB7A,VPS26B,,,,
RAB7A,VPS33A,,,,
RAB7A,VPS39,,,,
RAB7A,VPS41,,,,
RPL10A,CASC3,,,,
RPL10A,EEF1A1P5,,,,
RPL10A,EEF1B2,,,,
RPL10A,EEF2,,,,
RPL10A,EFL1,,,,
RPL10A,EFTUD2,,,,
RPL10A,EIF1AX,,,,
RPL10A,EIF2S1,,,,
RPL10A,EIF2S2,,,,
RPL10A,EIF2S3,,,,
RPL10A,EIF3A,,,,
RPL10A,EIF3B,,,,
RPL10A,EIF3C,,,,
RPL10A,EIF3D,,,,
RPL10A,EIF3E,,,,
RPL10A,EIF3F,,,,
RPL10A,EIF3G,,,,
RPL10A,EIF3H,,,,
RPL10A,EIF3I,,,,
RPL10A,EIF3J,,,,
RPL10A,EIF3K,,,,
RPL10A,EIF4A2,,,,
RPL10A,EIF4A3,,,,
RPL10A,EIF4B,,,,
RPL10A,EIF4E,,,,
RPL10A,EIF4G1,,,,
RPL10A,EIF5,,,,
RPL10A,EIF5B,,,,
RPL10A,ETF1,,,,
RPL10A,FAU,,,,
RPL10A,GFM1,,,,
RPL10A,GFM2,,,,
RPL10A,IMP3,,,,
RPL10A,MAGOH,,,,
RPL10A,MRPL11,,,,
RPL10A,MRPL12,,,,
RPL10A,MRPL15,,,,
RPL10A,MRPL16,,,,
RPL10A,MRPL17,,,,
RPL10A,MRPL19,,,,
RPL10A,MRPL2,,,,
RPL10A,MRPL20,,,,
RPL10A,MRPL22,,,,
RPL10A,MRPL24,,,,
RPL10A,MRPL27,,,,
RPL10A,MRPL3,,,,
RPL10A,MRPL32,,,,
RPL10A,MRPL33,,,,
RPL10A,MRPL4,,,,
RPL10A,MRPS10,,,,
RPL10A,MRPS11,,,,
RPL10A,MRPS14,,,,
RPL10A,MRPS15,,,,
RPL10A,MRPS16,,,,
RPL10A,MRPS18A,,,,
RPL10A,MRPS18C,,,,
RPL10A,MRPS2,,,,
RPL10A,MRPS5,,,,
RPL10A,MRPS6,,,,
RPL10A,MRPS7,,,,
RPL10A,MRPS9,,,,
RPL10A,MRTO4,,,,
RPL10A,NAP1L1,,,,
RPL10A,NCBP1,,,,
RPL10A,NCBP2,,,,
RPL10A,PLEC,,,,
RPL10A,POLR1E,,,,
RPL10A,POLR2B,,,,
RPL10A,POLR2C,,,,
RPL10A,PPP2CB,,,,
RPL10A,PPP2R1A,,,,
RPL10A,PPP2R2D,,,,
RPL10A,RACK1,,,,
RPL10A,RLIM,,,,
RPL10A,RNPS1,,,,
RPL10A,RPA2,,,,
RPL10A,RPL10,,,,
RPL10A,RPL10A,,,,
RPL10A,RPL11,,,,
RPL10A,RPL12,,,,
RPL10A,RPL13,,,,
RPL10A,RPL13A,,,,
RPL10A,RPL14,,,,
RPL10A,RPL15,,,,
RPL10A,RPL17,,,,
RPL10A,RPL17-C18orf32,,,,
RPL10A,RPL18,,,,
RPL10A,RPL18A,,,,
RPL10A,RPL19,,,,
RPL10A,RPL21,,,,
RPL10A,RPL22,,,,
RPL10A,RPL22L1,,,,
RPL10A,RPL23,,,,
RPL10A,RPL23A,,,,
RPL10A,RPL24,,,,
RPL10A,RPL26,,,,
RPL10A,RPL26L1,,,,
RPL10A,RPL27,,,,
RPL10A,RPL27A,,,,
RPL10A,RPL28,,,,
RPL10A,RPL29,,,,
RPL10A,RPL3,,,,
RPL10A,RPL30,,,,
RPL10A,RPL31,,,,
RPL10A,RPL32,,,,
RPL10A,RPL34,,,,
RPL10A,RPL35,,,,
RPL10A,RPL35A,,,,
RPL10A,RPL36,,,,
RPL10A,RPL36A,,,,
RPL10A,RPL36AL,,,,
RPL10A,RPL37,,,,
RPL10A,RPL37A,,,,
RPL10A,RPL38,,,,
RPL10A,RPL39,,,,
RPL10A,RPL39L,,,,
RPL10A,RPL4,,,,
RPL10A,RPL41,,,,
RPL10A,RPL5,,,,
RPL10A,RPL6,,,,
RPL10A,RPL7,,,,
RPL10A,RPL7A,,,,
RPL10A,RPL7L1,,,,
RPL10A,RPL8,,,,
RPL10A,RPL9P7,,,,
RPL10A,RPLP0P6,,,,
RPL10A,RPLP2,,,,
RPL10A,RPN1,,,,
RPL10A,RPN2,,,,
RPL10A,RPS10-NUDT3,,,,
RPL10A,RPS11,,,,
RPL10A,RPS12,,,,
RPL10A,RPS13,,,,
RPL10A,RPS14,,,,
RPL10A,RPS15,,,,
RPL10A,RPS15A,,,,
RPL10A,RPS16,,,,
RPL10A,RPS17,,,,
RPL10A,RPS18,,,,
RPL10A,RPS19,,,,
RPL10A,RPS2,,,,
RPL10A,RPS20,,,,
RPL10A,RPS21,,,,
RPL10A,RPS23,,,,
RPL10A,RPS24,,,,
RPL10A,RPS25,,,,
RPL10A,RPS26,,,,
RPL10A,RPS27,,,,
RPL10A,RPS27L,,,,
RPL10A,RPS28,,,,
RPL10A,RPS29,,,,
RPL10A,RPS3,,,,
RPL10A,RPS3A,,,,
RPL10A,RPS4X,,,,
RPL10A,RPS4Y1,,,,
RPL10A,RPS5,,,,
RPL10A,RPS6,,,,
RPL10A,RPS7,,,,
RPL10A,RPS8,,,,
RPL10A,RPS9,,,,
RPL10A,RPSA,,,,
RPL10A,RPSAP58,,,,
RPL10A,RRP1,,,,
RPL10A,RSL24D1,,,,
RPL10A,RSRC1,,,,
RPL10A,SEC11A,,,,
RPL10A,SEC11C,,,,
RPL10A,SEC61A1,,,,
RPL10A,SEC61A2,,,,
RPL10A,SEC61B,,,,
RPL10A,SEC61G,,,,
RPL10A,SLC25A5,,,,
RPL10A,SMG1,,,,
RPL10A,SMG5,,,,
RPL10A,SMG6,,,,
RPL10A,SMG7,,,,
RPL10A,SMG8,,,,
RPL10A,SMG9,,,,
RPL10A,SNORA67,,,,
RPL10A,SPCS1,,,,
RPL10A,SPCS2,,,,
RPL10A,SPCS3,,,,
RPL10A,SRP14,,,,
RPL10A,SRP19,,,,
RPL10A,SRP54,,,,
RPL10A,SRP68,,,,
RPL10A,SRP72,,,,
RPL10A,SRP9,,,,
RPL10A,SRPRB,,,,
RPL10A,SSR1,,,,
RPL10A,SSR2,,,,
RPL10A,SSR3,,,,
RPL10A,TRAM1,,,,
RPL10A,TUFM,,,,
RPL10A,UBC,,,,
RPL10A,UPF1,,,,
RPL10A,UPF2,,,,
RPL10A,UPF3A,,,,
RPL10A,UPF3B,,,,
RPL10A,WBP1,,,,
RPL8,CASC3,,,,
RPL8,EEF1A1P5,,,,
RPL8,EEF1G,,,,
RPL8,EEF2,,,,
RPL8,EFL1,,,,
RPL8,EFTUD2,,,,
RPL8,EIF1AX,,,,
RPL8,EIF2S1,,,,
RPL8,EIF2S2,,,,
RPL8,EIF2S3,,,,
RPL8,EIF3A,,,,
RPL8,EIF3B,,,,
RPL8,EIF3C,,,,
RPL8,EIF3D,,,,
RPL8,EIF3E,,,,
RPL8,EIF3F,,,,
RPL8,EIF3G,,,,
RPL8,EIF3H,,,,
RPL8,EIF3I,,,,
RPL8,EIF3J,,,,
RPL8,EIF3K,,,,
RPL8,EIF4A2,,,,
RPL8,EIF4A3,,,,
RPL8,EIF4B,,,,
RPL8,EIF4E,,,,
RPL8,EIF4G1,,,,
RPL8,EIF5,,,,
RPL8,EIF5B,,,,
RPL8,ETF1,,,,
RPL8,FAU,,,,
RPL8,GFM1,,,,
RPL8,GFM2,,,,
RPL8,IMP3,,,,
RPL8,LSG1,,,,
RPL8,MAGOH,,,,
RPL8,MRPL1,,,,
RPL8,MRPL11,,,,
RPL8,MRPL12,,,,
RPL8,MRPL15,,,,
RPL8,MRPL16,,,,
RPL8,MRPL17,,,,
RPL8,MRPL19,,,,
RPL8,MRPL20,,,,
RPL8,MRPL22,,,,
RPL8,MRPL24,,,,
RPL8,MRPL27,,,,
RPL8,MRPL3,,,,
RPL8,MRPL32,,,,
RPL8,MRPL33,,,,
RPL8,MRPL36,,,,
RPL8,MRPL4,,,,
RPL8,MRPS10,,,,
RPL8,MRPS11,,,,
RPL8,MRPS14,,,,
RPL8,MRPS15,,,,
RPL8,MRPS18A,,,,
RPL8,MRPS18C,,,,
RPL8,MRPS2,,,,
RPL8,MRPS5,,,,
RPL8,MRPS6,,,,
RPL8,MRPS7,,,,
RPL8,MRPS9,,,,
RPL8,MRTO4,,,,
RPL8,NCBP1,,,,
RPL8,NCBP2,,,,
RPL8,NCL,,,,
RPL8,NSA2,,,,
RPL8,PA2G4,,,,
RPL8,PLEC,,,,
RPL8,POLR1E,,,,
RPL8,POLR2A,,,,
RPL8,POLR2B,,,,
RPL8,POLR2C,,,,
RPL8,POLR3A,,,,
RPL8,PPP2CB,,,,
RPL8,PPP2R1A,,,,
RPL8,PPP2R2D,,,,
RPL8,RACK1,,,,
RPL8,RLIM,,,,
RPL8,RNPS1,,,,
RPL8,RPA1,,,,
RPL8,RPA2,,,,
RPL8,RPL10,,,,
RPL8,RPL10A,,,,
RPL8,RPL11,,,,
RPL8,RPL12,,,,
RPL8,RPL13,,,,
RPL8,RPL13A,,,,
RPL8,RPL14,,,,
RPL8,RPL15,,,,
RPL8,RPL17,,,,
RPL8,RPL17-C18orf32,,,,
RPL8,RPL18,,,,
RPL8,RPL18A,,,,
RPL8,RPL19,,,,
RPL8,RPL21,,,,
RPL8,RPL22,,,,
RPL8,RPL22L1,,,,
RPL8,RPL23,,,,
RPL8,RPL23A,,,,
RPL8,RPL24,,,,
RPL8,RPL26,,,,
RPL8,RPL26L1,,,,
RPL8,RPL27,,,,
RPL8,RPL27A,,,,
RPL8,RPL28,,,,
RPL8,RPL29,,,,
RPL8,RPL3,,,,
RPL8,RPL30,,,,
RPL8,RPL31,,,,
RPL8,RPL32,,,,
RPL8,RPL34,,,,
RPL8,RPL35,,,,
RPL8,RPL35A,,,,
RPL8,RPL36,,,,
RPL8,RPL36A,,,,
RPL8,RPL36AL,,,,
RPL8,RPL37,,,,
RPL8,RPL37A,,,,
RPL8,RPL38,,,,
RPL8,RPL39,,,,
RPL8,RPL39L,,,,
RPL8,RPL4,,,,
RPL8,RPL41,,,,
RPL8,RPL5,,,,
RPL8,RPL6,,,,
RPL8,RPL7,,,,
RPL8,RPL7A,,,,
RPL8,RPL7L1,,,,
RPL8,RPL8,,,,
RPL8,RPL9P7,,,,
RPL8,RPLP0P6,,,,
RPL8,RPLP2,,,,
RPL8,RPN1,,,,
RPL8,RPN2,,,,
RPL8,RPS10-NUDT3,,,,
RPL8,RPS11,,,,
RPL8,RPS12,,,,
RPL8,RPS13,,,,
RPL8,RPS14,,,,
RPL8,RPS15,,,,
RPL8,RPS15A,,,,
RPL8,RPS16,,,,
RPL8,RPS17,,,,
RPL8,RPS18,,,,
RPL8,RPS19,,,,
RPL8,RPS2,,,,
RPL8,RPS20,,,,
RPL8,RPS21,,,,
RPL8,RPS23,,,,
RPL8,RPS24,,,,
RPL8,RPS25,,,,
RPL8,RPS26,,,,
RPL8,RPS27,,,,
RPL8,RPS27L,,,,
RPL8,RPS28,,,,
RPL8,RPS29,,,,
RPL8,RPS3,,,,
RPL8,RPS3A,,,,
RPL8,RPS4X,,,,
RPL8,RPS4Y1,,,,
RPL8,RPS5,,,,
RPL8,RPS6,,,,
RPL8,RPS7,,,,
RPL8,RPS8,,,,
RPL8,RPS9,,,,
RPL8,RPSA,,,,
RPL8,RPSAP58,,,,
RPL8,RRP1,,,,
RPL8,RSL24D1,,,,
RPL8,RSRC1,,,,
RPL8,SEC11A,,,,
RPL8,SEC11C,,,,
RPL8,SEC61A1,,,,
RPL8,SEC61A2,,,,
RPL8,SEC61B,,,,
RPL8,SEC61G,,,,
RPL8,SMG1,,,,
RPL8,SMG5,,,,
RPL8,SMG6,,,,
RPL8,SMG7,,,,
RPL8,SMG8,,,,
RPL8,SMG9,,,,
RPL8,SNORA67,,,,
RPL8,SPCS1,,,,
RPL8,SPCS2,,,,
RPL8,SPCS3,,,,
RPL8,SRP14,,,,
RPL8,SRP19,,,,
RPL8,SRP54,,,,
RPL8,SRP68,,,,
RPL8,SRP72,,,,
RPL8,SRP9,,,,
RPL8,SRPRB,,,,
RPL8,SSR1,,,,
RPL8,SSR2,,,,
RPL8,SSR3,,,,
RPL8,TRAM1,,,,
RPL8,TUFM,,,,
RPL8,UBC,,,,
RPL8,UPF1,,,,
RPL8,UPF2,,,,
RPL8,UPF3A,,,,
RPL8,UPF3B,,,,
RPL8,WBP1,,,,
RPSA,CASC3,,,,
RPSA,CCT4,,,,
RPSA,EEF1A1P5,,,,
RPSA,EEF1G,,,,
RPSA,EEF2,,,,
RPSA,EFL1,,,,
RPSA,EFTUD2,,,,
RPSA,EIF1AX,,,,
RPSA,EIF2S1,,,,
RPSA,EIF2S2,,,,
RPSA,EIF2S3,,,,
RPSA,EIF3A,,,,
RPSA,EIF3B,,,,
RPSA,EIF3C,,,,
RPSA,EIF3D,,,,
RPSA,EIF3E,,,,
RPSA,EIF3F,,,,
RPSA,EIF3G,,,,
RPSA,EIF3H,,,,
RPSA,EIF3I,,,,
RPSA,EIF3J,,,,
RPSA,EIF3K,,,,
RPSA,EIF4A2,,,,
RPSA,EIF4A3,,,,
RPSA,EIF4B,,,,
RPSA,EIF4E,,,,
RPSA,EIF4G1,,,,
RPSA,EIF5,,,,
RPSA,EIF5B,,,,
RPSA,ENO3,,,,
RPSA,ETF1,,,,
RPSA,FASLG,,,,
RPSA,FAU,,,,
RPSA,GFM1,,,,
RPSA,GFM2,,,,
RPSA,HSPA4,,,,
RPSA,HSPA5,,,,
RPSA,IMP3,,,,
RPSA,KARS1,,,,
RPSA,LAMA5,,,,
RPSA,LAMB1,,,,
RPSA,MAGOH,,,,
RPSA,MRPL1,,,,
RPSA,MRPL11,,,,
RPSA,MRPL12,,,,
RPSA,MRPL15,,,,
RPSA,MRPL16,,,,
RPSA,MRPL17,,,,
RPSA,MRPL2,,,,
RPSA,MRPL22,,,,
RPSA,MRPL24,,,,
RPSA,MRPL3,,,,
RPSA,MRPL4,,,,
RPSA,MRPS10,,,,
RPSA,MRPS11,,,,
RPSA,MRPS14,,,,
RPSA,MRPS15,,,,
RPSA,MRPS16,,,,
RPSA,MRPS18A,,,,
RPSA,MRPS18C,,,,
RPSA,MRPS5,,,,
RPSA,MRPS6,,,,
RPSA,MRPS7,,,,
RPSA,MRPS9,,,,
RPSA,MRRF,,,,
RPSA,MRTO4,,,,
RPSA,NCBP1,,,,
RPSA,NCBP2,,,,
RPSA,NSA2,,,,
RPSA,PLEC,,,,
RPSA,POLR1E,,,,
RPSA,POLR2C,,,,
RPSA,PPP1CC,,,,
RPSA,PPP1R16B,,,,
RPSA,PPP2CB,,,,
RPSA,PPP2R1A,,,,
RPSA,PPP2R2D,,,,
RPSA,PRNP,,,,
RPSA,PSEN1,,,,
RPSA,PTK2,,,,
RPSA,RACK1,,,,
RPSA,RLIM,,,,
RPSA,RNPS1,,,,
RPSA,RPL10,,,,
RPSA,RPL10A,,,,
RPSA,RPL11,,,,
RPSA,RPL12,,,,
RPSA,RPL13,,,,
RPSA,RPL13A,,,,
RPSA,RPL14,,,,
RPSA,RPL15,,,,
RPSA,RPL17,,,,
RPSA,RPL17-C18orf32,,,,
RPSA,RPL18,,,,
RPSA,RPL18A,,,,
RPSA,RPL19,,,,
RPSA,RPL21,,,,
RPSA,RPL22,,,,
RPSA,RPL23,,,,
RPSA,RPL23A,,,,
RPSA,RPL24,,,,
RPSA,RPL26,,,,
RPSA,RPL26L1,,,,
RPSA,RPL27,,,,
RPSA,RPL27A,,,,
RPSA,RPL28,,,,
RPSA,RPL29,,,,
RPSA,RPL3,,,,
RPSA,RPL30,,,,
RPSA,RPL31,,,,
RPSA,RPL32,,,,
RPSA,RPL34,,,,
RPSA,RPL35,,,,
RPSA,RPL35A,,,,
RPSA,RPL36,,,,
RPSA,RPL36A,,,,
RPSA,RPL36AL,,,,
RPSA,RPL37,,,,
RPSA,RPL37A,,,,
RPSA,RPL38,,,,
RPSA,RPL39,,,,
RPSA,RPL39L,,,,
RPSA,RPL4,,,,
RPSA,RPL41,,,,
RPSA,RPL5,,,,
RPSA,RPL6,,,,
RPSA,RPL7,,,,
RPSA,RPL7A,,,,
RPSA,RPL7L1,,,,
RPSA,RPL8,,,,
RPSA,RPL9P7,,,,
RPSA,RPLP0P6,,,,
RPSA,RPLP2,,,,
RPSA,RPN1,,,,
RPSA,RPN2,,,,
RPSA,RPS10-NUDT3,,,,
RPSA,RPS11,,,,
RPSA,RPS12,,,,
RPSA,RPS13,,,,
RPSA,RPS14,,,,
RPSA,RPS15,,,,
RPSA,RPS15A,,,,
RPSA,RPS16,,,,
RPSA,RPS17,,,,
RPSA,RPS18,,,,
RPSA,RPS19,,,,
RPSA,RPS2,,,,
RPSA,RPS20,,,,
RPSA,RPS21,,,,
RPSA,RPS23,,,,
RPSA,RPS24,,,,
RPSA,RPS25,,,,
RPSA,RPS26,,,,
RPSA,RPS27,,,,
RPSA,RPS27L,,,,
RPSA,RPS28,,,,
RPSA,RPS29,,,,
RPSA,RPS3,,,,
RPSA,RPS3A,,,,
RPSA,RPS4X,,,,
RPSA,RPS4Y1,,,,
RPSA,RPS5,,,,
RPSA,RPS6,,,,
RPSA,RPS7,,,,
RPSA,RPS8,,,,
RPSA,RPS9,,,,
RPSA,RPSA,,,,
RPSA,RRP1,,,,
RPSA,RSRC1,,,,
RPSA,SEC11A,,,,
RPSA,SEC11C,,,,
RPSA,SEC61B,,,,
RPSA,SEC61G,,,,
RPSA,SERBP1,,,,
RPSA,SMG1,,,,
RPSA,SMG5,,,,
RPSA,SMG6,,,,
RPSA,SMG7,,,,
RPSA,SMG8,,,,
RPSA,SMG9,,,,
RPSA,SNORA67,,,,
RPSA,SNU13,,,,
RPSA,SPCS1,,,,
RPSA,SPCS2,,,,
RPSA,SPCS3,,,,
RPSA,SRP14,,,,
RPSA,SRP19,,,,
RPSA,SRP54,,,,
RPSA,SRP68,,,,
RPSA,SRP72,,,,
RPSA,SRP9,,,,
RPSA,SRPRB,,,,
RPSA,SSR1,,,,
RPSA,SSR2,,,,
RPSA,SSR3,,,,
RPSA,TCP1,,,,
RPSA,TPT1,,,,
RPSA,TRAM1,,,,
RPSA,TUFM,,,,
RPSA,UBC,,,,
RPSA,UPF1,,,,
RPSA,UPF2,,,,
RPSA,UPF3A,,,,
RPSA,UPF3B,,,,
RPSA,WBP1,,,,
SFPQ,CDC5L,,,,
SFPQ,FUS,,,,
SFPQ,HDAC1,,,,
SFPQ,HNRNPA1,,,,
SFPQ,MATR3,,,,
SFPQ,NONO,,,,
SFPQ,PSPC1,,,,
SFPQ,PTBP1,,,,
SFPQ,SFPQ,,,,
SFPQ,SIN3A,,,,
SFPQ,SLTM,,,,
SFPQ,SNRPA,,,,
SFPQ,SUMO1,,,,
SFPQ,TCERG1,,,,
SFPQ,THRAP3,,,,
SFPQ,U2AF2,,,,
SFPQ,UBC,,,,
SNRPA1,ALYREF,,,,
SNRPA1,BUD31,,,,
SNRPA1,CCAR1,,,,
SNRPA1,CD2BP2,,,,
SNRPA1,CDC40,,,,
SNRPA1,CDC5L,,,,
SNRPA1,CLP1,,,,
SNRPA1,CPSF2,,,,
SNRPA1,CPSF3,,,,
SNRPA1,CPSF7,,,,
SNRPA1,CRNKL1,,,,
SNRPA1,CSTF1,,,,
SNRPA1,CSTF2,,,,
SNRPA1,CSTF3,,,,
SNRPA1,CWC25,,,,
SNRPA1,DDX23,,,,
SNRPA1,DHX38,,,,
SNRPA1,DHX9,,,,
SNRPA1,DNAJC8,,,,
SNRPA1,EFTUD2,,,,
SNRPA1,FUS,,,,
SNRPA1,GTF2F1,,,,
SNRPA1,GTF2F2,,,,
SNRPA1,HNRNPA0,,,,
SNRPA1,HNRNPA1,,,,
SNRPA1,HNRNPA2B1,,,,
SNRPA1,HNRNPA3,,,,
SNRPA1,HNRNPC,,,,
SNRPA1,HNRNPD,,,,
SNRPA1,HNRNPF,,,,
SNRPA1,HNRNPH1,,,,
SNRPA1,HNRNPK,,,,
SNRPA1,HNRNPL,,,,
SNRPA1,HNRNPM,,,,
SNRPA1,HNRNPR,,,,
SNRPA1,HNRNPU,,,,
SNRPA1,HNRNPUL1,,,,
SNRPA1,ISY1,,,,
SNRPA1,LSM6,,,,
SNRPA1,LUC7L,,,,
SNRPA1,LUC7L2,,,,
SNRPA1,MAGOH,,,,
SNRPA1,MFAP1,,,,
SNRPA1,NCBP1,,,,
SNRPA1,NCBP2,,,,
SNRPA1,NFX1,,,,
SNRPA1,NUDT21,,,,
SNRPA1,PABPN1,,,,
SNRPA1,PAPOLA,,,,
SNRPA1,PCBP1,,,,
SNRPA1,PCBP2,,,,
SNRPA1,PCF11,,,,
SNRPA1,PHF5A,,,,
SNRPA1,PLRG1,,,,
SNRPA1,POLR2A,,,,
SNRPA1,POLR2B,,,,
SNRPA1,POLR2C,,,,
SNRPA1,POLR2E,,,,
SNRPA1,POLR2F,,,,
SNRPA1,POLR2G,,,,
SNRPA1,POLR2H,,,,
SNRPA1,POLR2I,,,,
SNRPA1,POLR2J,,,,
SNRPA1,POLR2K,,,,
SNRPA1,POLR2L,,,,
SNRPA1,PRPF19,,,,
SNRPA1,PRPF39,,,,
SNRPA1,PRPF4,,,,
SNRPA1,PRPF40A,,,,
SNRPA1,PRPF6,,,,
SNRPA1,PRPF8,,,,
SNRPA1,PTBP1,,,,
SNRPA1,RBM22,,,,
SNRPA1,RBM25,,,,
SNRPA1,RBM5,,,,
SNRPA1,RBMX,,,,
SNRPA1,RBP4,,,,
SNRPA1,RNPC3,,,,
SNRPA1,RNPS1,,,,
SNRPA1,SART1,,,,
SNRPA1,SF3A1,,,,
SNRPA1,SF3A3,,,,
SNRPA1,SF3B1,,,,
SNRPA1,SF3B3,,,,
SNRPA1,SF3B4,,,,
SNRPA1,SF3B5,,,,
SNRPA1,SNRNP200,,,,
SNRPA1,SNRNP35,,,,
SNRPA1,SNRNP40,,,,
SNRPA1,SNRNP70,,,,
SNRPA1,SNRPA,,,,
SNRPA1,SNRPA1,,,,
SNRPA1,SNRPB,,,,
SNRPA1,SNRPB2,,,,
SNRPA1,SNRPC,,,,
SNRPA1,SNRPD1,,,,
SNRPA1,SNRPD2,,,,
SNRPA1,SNRPD3,,,,
SNRPA1,SNRPE,,,,
SNRPA1,SNRPF,,,,
SNRPA1,SNRPG,,,,
SNRPA1,SNRPN,,,,
SNRPA1,SNU13,,,,
SNRPA1,SNW1,,,,
SNRPA1,SRRM1,,,,
SNRPA1,SRRM2,,,,
SNRPA1,SRSF1,,,,
SNRPA1,SRSF11,,,,
SNRPA1,SRSF2,,,,
SNRPA1,SRSF3,,,,
SNRPA1,SRSF4,,,,
SNRPA1,SRSF5,,,,
SNRPA1,SRSF6,,,,
SNRPA1,SRSF7,,,,
SNRPA1,SRSF9,,,,
SNRPA1,SUGP1,,,,
SNRPA1,TCERG1,,,,
SNRPA1,TFIP11,,,,
SNRPA1,TXNL4A,,,,
SNRPA1,U2AF1L4,,,,
SNRPA1,U2AF2,,,,
SNRPA1,UBC,,,,
SNRPA1,UPF3B,,,,
SNRPA1,YBX1,,,,
SNRPA1,ZMAT2,,,,
SNRPB2,ALYREF,,,,
SNRPB2,CCAR1,,,,
SNRPB2,CD2BP2,,,,
SNRPB2,CDC40,,,,
SNRPB2,CLP1,,,,
SNRPB2,CPSF2,,,,
SNRPB2,CPSF3,,,,
SNRPB2,CPSF7,,,,
SNRPB2,CSTF1,,,,
SNRPB2,CSTF2,,,,
SNRPB2,CSTF3,,,,
SNRPB2,DDX23,,,,
SNRPB2,DHX38,,,,
SNRPB2,DHX9,,,,
SNRPB2,DNAJC8,,,,
SNRPB2,EFTUD2,,,,
SNRPB2,FUS,,,,
SNRPB2,GTF2F1,,,,
SNRPB2,GTF2F2,,,,
SNRPB2,HNRNPA0,,,,
SNRPB2,HNRNPA1,,,,
SNRPB2,HNRNPA2B1,,,,
SNRPB2,HNRNPA3,,,,
SNRPB2,HNRNPC,,,,
SNRPB2,HNRNPD,,,,
SNRPB2,HNRNPF,,,,
SNRPB2,HNRNPH1,,,,
SNRPB2,HNRNPK,,,,
SNRPB2,HNRNPL,,,,
SNRPB2,HNRNPM,,,,
SNRPB2,HNRNPR,,,,
SNRPB2,HNRNPU,,,,
SNRPB2,HNRNPUL1,,,,
SNRPB2,HRH1,,,,
SNRPB2,MAGOH,,,,
SNRPB2,NCBP1,,,,
SNRPB2,NCBP2,,,,
SNRPB2,NFX1,,,,
SNRPB2,NUDT21,,,,
SNRPB2,PABPN1,,,,
SNRPB2,PAPOLA,,,,
SNRPB2,PCBP1,,,,
SNRPB2,PCBP2,,,,
SNRPB2,PCF11,,,,
SNRPB2,PHF5A,,,,
SNRPB2,POLR2A,,,,
SNRPB2,POLR2B,,,,
SNRPB2,POLR2C,,,,
SNRPB2,POLR2E,,,,
SNRPB2,POLR2F,,,,
SNRPB2,POLR2G,,,,
SNRPB2,POLR2H,,,,
SNRPB2,POLR2I,,,,
SNRPB2,POLR2J,,,,
SNRPB2,POLR2K,,,,
SNRPB2,POLR2L,,,,
SNRPB2,PRPF4,,,,
SNRPB2,PRPF6,,,,
SNRPB2,PRPF8,,,,
SNRPB2,PTBP1,,,,
SNRPB2,RBM5,,,,
SNRPB2,RBMX,,,,
SNRPB2,RBP4,,,,
SNRPB2,RNPS1,,,,
SNRPB2,SF3A1,,,,
SNRPB2,SF3A3,,,,
SNRPB2,SF3B1,,,,
SNRPB2,SF3B3,,,,
SNRPB2,SF3B5,,,,
SNRPB2,SNRNP200,,,,
SNRPB2,SNRNP40,,,,
SNRPB2,SNRNP70,,,,
SNRPB2,SNRPA,,,,
SNRPB2,SNRPA1,,,,
SNRPB2,SNRPB,,,,
SNRPB2,SNRPB2,,,,
SNRPB2,SNRPC,,,,
SNRPB2,SNRPD1,,,,
SNRPB2,SNRPD2,,,,
SNRPB2,SNRPD3,,,,
SNRPB2,SNRPE,,,,
SNRPB2,SNRPF,,,,
SNRPB2,SNRPG,,,,
SNRPB2,SNRPN,,,,
SNRPB2,SNU13,,,,
SNRPB2,SRRM1,,,,
SNRPB2,SRSF1,,,,
SNRPB2,SRSF11,,,,
SNRPB2,SRSF2,,,,
SNRPB2,SRSF3,,,,
SNRPB2,SRSF4,,,,
SNRPB2,SRSF5,,,,
SNRPB2,SRSF6,,,,
SNRPB2,SRSF7,,,,
SNRPB2,SRSF9,,,,
SNRPB2,SUGP1,,,,
SNRPB2,TARDBP,,,,
SNRPB2,TXNL4A,,,,
SNRPB2,U2AF1L4,,,,
SNRPB2,U2AF2,,,,
SNRPB2,UBC,,,,
SNRPB2,UPF3B,,,,
SNRPB2,WBP4,,,,
SNRPB2,YBX1,,,,
SOD1,AKT1,,,,
SOD1,BCL2,,,,
SOD1,BRPF3,,,,
SOD1,CAT,,,,
SOD1,CCS,,,,
SOD1,DERL1,,,,
SOD1,DNAJB1,,,,
SOD1,GPX1,,,,
SOD1,GSTP1,,,,
SOD1,HABP4,,,,
SOD1,HSCB,,,,
SOD1,HSPA4,,,,
SOD1,MDH1,,,,
SOD1,NFS1,,,,
SOD1,NME1,,,,
SOD1,NME2,,,,
SOD1,NR4A1,,,,
SOD1,P4HB,,,,
SOD1,PARK7,,,,
SOD1,PCBP1,,,,
SOD1,PLEK,,,,
SOD1,PRDX1,,,,
SOD1,PRDX2,,,,
SOD1,PRDX6,,,,
SOD1,RNF19A,,,,
SOD1,SOD1,,,,
SOD1,SOD2,,,,
SOD1,STUB1,,,,
SOD1,TARDBP,,,,
SOD1,TLN1,,,,
SOD1,TRAM1,,,,
SOD1,TTN,,,,
SOD1,TUBA4A,,,,
SOD1,TXN,,,,
SOD1,UBC,,,,
SOD1,VCL,,,,
SOD1,WDR1,,,,
SOD2,AKT1,,,,
SOD2,CAT,,,,
SOD2,DECR1,,,,
SOD2,EGR1,,,,
SOD2,FOXO1,,,,
SOD2,FOXO3,,,,
SOD2,GPX1,,,,
SOD2,NFE2L2,,,,
SOD2,RAC2,,,,
SOD2,RELA,,,,
SOD2,SIRT1,,,,
SOD2,SOD1,,,,
SOD2,SOD2,,,,
SOD2,TNF,,,,
SOD2,TP53,,,,
SOD2,TXN2,,,,
SOD2,UBC,,,,
SRSF6,ALYREF,,,,
SRSF6,C1QBP,,,,
SRSF6,CCAR1,,,,
SRSF6,CD2BP2,,,,
SRSF6,CDC40,,,,
SRSF6,CLK1,,,,
SRSF6,CLP1,,,,
SRSF6,CPSF2,,,,
SRSF6,CPSF3,,,,
SRSF6,CPSF7,,,,
SRSF6,CSTF1,,,,
SRSF6,CSTF2,,,,
SRSF6,CSTF3,,,,
SRSF6,DDX23,,,,
SRSF6,DHX38,,,,
SRSF6,DHX9,,,,
SRSF6,DNAJC8,,,,
SRSF6,DYRK1A,,,,
SRSF6,EFTUD2,,,,
SRSF6,FUS,,,,
SRSF6,GALE,,,,
SRSF6,GTF2F1,,,,
SRSF6,GTF2F2,,,,
SRSF6,HNRNPA0,,,,
SRSF6,HNRNPA1,,,,
SRSF6,HNRNPA2B1,,,,
SRSF6,HNRNPA3,,,,
SRSF6,HNRNPC,,,,
SRSF6,HNRNPD,,,,
SRSF6,HNRNPF,,,,
SRSF6,HNRNPH1,,,,
SRSF6,HNRNPK,,,,
SRSF6,HNRNPL,,,,
SRSF6,HNRNPM,,,,
SRSF6,HNRNPR,,,,
SRSF6,HNRNPU,,,,
SRSF6,HNRNPUL1,,,,
SRSF6,MAGOH,,,,
SRSF6,MSI2,,,,
SRSF6,NCBP1,,,,
SRSF6,NCBP2,,,,
SRSF6,NFX1,,,,
SRSF6,NUDT21,,,,
SRSF6,NUP107,,,,
SRSF6,NUP133,,,,
SRSF6,NUP153,,,,
SRSF6,NUP155,,,,
SRSF6,NUP160,,,,
SRSF6,NUP188,,,,
SRSF6,NUP205,,,,
SRSF6,NUP210,,,,
SRSF6,NUP214,,,,
SRSF6,NUP35,,,,
SRSF6,NUP37,,,,
SRSF6,NUP43,,,,
SRSF6,NUP50,,,,
SRSF6,NUP54,,,,
SRSF6,NUP62,,,,
SRSF6,NUP85,,,,
SRSF6,NUP88,,,,
SRSF6,NUP93,,,,
SRSF6,NXF1,,,,
SRSF6,PABPN1,,,,
SRSF6,PAPOLA,,,,
SRSF6,PCBP1,,,,
SRSF6,PCBP2,,,,
SRSF6,PCF11,,,,
SRSF6,PHF5A,,,,
SRSF6,POLR2A,,,,
SRSF6,POLR2B,,,,
SRSF6,POLR2C,,,,
SRSF6,POLR2E,,,,
SRSF6,POLR2F,,,,
SRSF6,POLR2G,,,,
SRSF6,POLR2H,,,,
SRSF6,POLR2I,,,,
SRSF6,POLR2J,,,,
SRSF6,POLR2K,,,,
SRSF6,POLR2L,,,,
SRSF6,PRPF4,,,,
SRSF6,PRPF6,,,,
SRSF6,PRPF8,,,,
SRSF6,PTBP1,,,,
SRSF6,RAE1,,,,
SRSF6,RBM5,,,,
SRSF6,RBMX,,,,
SRSF6,RBP4,,,,
SRSF6,RGPD8,,,,
SRSF6,RNPS1,,,,
SRSF6,SF3A1,,,,
SRSF6,SF3A3,,,,
SRSF6,SF3B1,,,,
SRSF6,SF3B3,,,,
SRSF6,SF3B5,,,,
SRSF6,SNRNP200,,,,
SRSF6,SNRNP35,,,,
SRSF6,SNRNP40,,,,
SRSF6,SNRNP70,,,,
SRSF6,SNRPA,,,,
SRSF6,SNRPA1,,,,
SRSF6,SNRPB,,,,
SRSF6,SNRPB2,,,,
SRSF6,SNRPD1,,,,
SRSF6,SNRPD2,,,,
SRSF6,SNRPD3,,,,
SRSF6,SNRPE,,,,
SRSF6,SNRPF,,,,
SRSF6,SNRPG,,,,
SRSF6,SNU13,,,,
SRSF6,SREK1,,,,
SRSF6,SRPK1,,,,
SRSF6,SRPK2,,,,
SRSF6,SRRM1,,,,
SRSF6,SRSF1,,,,
SRSF6,SRSF11,,,,
SRSF6,SRSF2,,,,
SRSF6,SRSF3,,,,
SRSF6,SRSF4,,,,
SRSF6,SRSF5,,,,
SRSF6,SRSF6,,,,
SRSF6,SRSF7,,,,
SRSF6,SRSF9,,,,
SRSF6,SUGP1,,,,
SRSF6,TNPO3,,,,
SRSF6,TPR,,,,
SRSF6,TRA2B,,,,
SRSF6,TXNL4A,,,,
SRSF6,U2AF1L4,,,,
SRSF6,U2AF2,,,,
SRSF6,UBC,,,,
SRSF6,UPF3B,,,,
SRSF6,YBX1,,,,
STAT3,A2M,,,,
STAT3,ABL1,,,,
STAT3,ADIPOR1,,,,
STAT3,ADIPOR2,,,,
STAT3,ADSS2,,,,
STAT3,AKR1A1,,,,
STAT3,AKT1,,,,
STAT3,APEX1,,,,
STAT3,BATF,,,,
STAT3,BCL2,,,,
STAT3,BCL3,,,,
STAT3,BCL6,,,,
STAT3,BHLHE40,,,,
STAT3,BIRC5,,,,
STAT3,BLK,,,,
STAT3,CCND1,,,,
STAT3,CCNK,,,,
STAT3,CD44,,,,
STAT3,CDC42,,,,
STAT3,CDKN1A,,,,
STAT3,CDKN1B,,,,
STAT3,CEBPB,,,,
STAT3,CEBPD,,,,
STAT3,CFLAR,,,,
STAT3,CREBBP,,,,
STAT3,CSF2RA,,,,
STAT3,CTNNB1,,,,
STAT3,CTSB,,,,
STAT3,CXCL8,,,,
STAT3,CYLD,,,,
STAT3,DAP,,,,
STAT3,DECR1,,,,
STAT3,DHX9,,,,
STAT3,DNMT1,,,,
STAT3,DUSP22,,,,
STAT3,ECHS1,,,,
STAT3,EED,,,,
STAT3,EFL1,,,,
STAT3,EGFR,,,,
STAT3,EGR1,,,,
STAT3,EIF2AK2,,,,
STAT3,ELP2,,,,
STAT3,EMB,,,,
STAT3,EP300,,,,
STAT3,ERBB3,,,,
STAT3,EZH2,,,,
STAT3,FER,,,,
STAT3,FES,,,,
STAT3,FGFR1OP,,,,
STAT3,FGG,,,,
STAT3,FLOT2,,,,
STAT3,FOS,,,,
STAT3,FOXO1,,,,
STAT3,FOXO3,,,,
STAT3,FRK,,,,
STAT3,FXYD5,,,,
STAT3,GADD45GIP1,,,,
STAT3,GRB2,,,,
STAT3,GSK3B,,,,
STAT3,HCK,,,,
STAT3,HDAC1,,,,
STAT3,HDAC2,,,,
STAT3,HDAC3,,,,
STAT3,HDAC9,,,,
STAT3,HES1,,,,
STAT3,HIF1A,,,,
STAT3,HSP90AA4P,,,,
STAT3,HSPA4,,,,
STAT3,HSPB1,,,,
STAT3,ICAM1,,,,
STAT3,ICOS,,,,
STAT3,IFNG,,,,
STAT3,IGF1,,,,
STAT3,IKBKE,,,,
STAT3,IL10,,,,
STAT3,IL10RA,,,,
STAT3,IL18,,,,
STAT3,IL1B,,,,
STAT3,IL21R,,,,
STAT3,IL23A,,,,
STAT3,IL24,,,,
STAT3,IL27RA,,,,
STAT3,IL2RA,,,,
STAT3,IL2RB,,,,
STAT3,IL2RG,,,,
STAT3,IL32,,,,
STAT3,IL6R,,,,
STAT3,IL6ST,,,,
STAT3,IRAK1,,,,
STAT3,IRF1,,,,
STAT3,IRF4,,,,
STAT3,IRF9,,,,
STAT3,JAK1,,,,
STAT3,JAK2,,,,
STAT3,JAK3,,,,
STAT3,JUN,,,,
STAT3,JUNB,,,,
STAT3,KAT5,,,,
STAT3,KDM6B,,,,
STAT3,KLF11,,,,
STAT3,KLF4,,,,
STAT3,KPNA1,,,,
STAT3,LAP3,,,,
STAT3,LCK,,,,
STAT3,LDHB,,,,
STAT3,LMO4,,,,
STAT3,LRPPRC,,,,
STAT3,LYN,,,,
STAT3,MAP1LC3B,,,,
STAT3,MAP2K1,,,,
STAT3,MAP2K2,,,,
STAT3,MAP2K5,,,,
STAT3,MAP3K7,,,,
STAT3,MAP4K4,,,,
STAT3,MAPK1,,,,
STAT3,MAPK14,,,,
STAT3,MAPK3,,,,
STAT3,MAPK8,,,,
STAT3,MCL1,,,,
STAT3,ME2,,,,
STAT3,MET,,,,
STAT3,MIR3652,,,,
STAT3,MTA3,,,,
STAT3,MT-ND1,,,,
STAT3,MTOR,,,,
STAT3,MYC,,,,
STAT3,MYD88,,,,
STAT3,NAMPT,,,,
STAT3,NCOA1,,,,
STAT3,NDUFA13,,,,
STAT3,NEK6,,,,
STAT3,NFAT5,,,,
STAT3,NFATC1,,,,
STAT3,NFATC2,,,,
STAT3,NFKB1,,,,
STAT3,NFKBIA,,,,
STAT3,NNMT,,,,
STAT3,NOTCH1,,,,
STAT3,NR3C1,,,,
STAT3,OSM,,,,
STAT3,PDIA3,,,,
STAT3,PDLIM2,,,,
STAT3,PEMT,,,,
STAT3,PIAS1,,,,
STAT3,PIAS2,,,,
STAT3,PIAS3,,,,
STAT3,PIK3CA,,,,
STAT3,PIK3R1,,,,
STAT3,PIM1,,,,
STAT3,PKM,,,,
STAT3,PLAU,,,,
STAT3,PPIB,,,,
STAT3,PPIF,,,,
STAT3,PRKCD,,,,
STAT3,PRKCE,,,,
STAT3,PRKCQ,,,,
STAT3,PRMT2,,,,
STAT3,PTAFR,,,,
STAT3,PTGER4,,,,
STAT3,PTGS2,,,,
STAT3,PTK2,,,,
STAT3,PTPA,,,,
STAT3,PTPN1,,,,
STAT3,PTPN11,,,,
STAT3,PTPN13,,,,
STAT3,PTPN2,,,,
STAT3,PTPRD,,,,
STAT3,RAC1,,,,
STAT3,RAF1,,,,
STAT3,REL,,,,
STAT3,RELA,,,,
STAT3,RHOA,,,,
STAT3,RHOC,,,,
STAT3,RHOG,,,,
STAT3,RPS6KA5,,,,
STAT3,RUNX2,,,,
STAT3,S1PR1,,,,
STAT3,SETD7,,,,
STAT3,SIN3A,,,,
STAT3,SIRT1,,,,
STAT3,SLC39A4,,,,
STAT3,SLC39A6,,,,
STAT3,SLK,,,,
STAT3,SMAD7,,,,
STAT3,SOCS1,,,,
STAT3,SOCS2,,,,
STAT3,SOCS3,,,,
STAT3,SOCS4,,,,
STAT3,SOCS5,,,,
STAT3,SOCS7,,,,
STAT3,SP1,,,,
STAT3,SPI1,,,,
STAT3,STAT1,,,,
STAT3,STAT3,,,,
STAT3,STAT4,,,,
STAT3,STAT5A,,,,
STAT3,STAT5B,,,,
STAT3,STAT6,,,,
STAT3,STK11,,,,
STAT3,SYK,,,,
STAT3,TCF4,,,,
STAT3,TIFA,,,,
STAT3,TIMP1,,,,
STAT3,TLR7,,,,
STAT3,TNF,,,,
STAT3,TNFRSF10A,,,,
STAT3,TP53,,,,
STAT3,TRAM1,,,,
STAT3,TRIM28,,,,
STAT3,TRPS1,,,,
STAT3,TYK2,,,,
STAT3,TYROBP,,,,
STAT3,UBC,,,,
STAT3,USP7,,,,
STAT3,VEGFA,,,,
STAT3,VMP1,,,,
STAT3,YES1,,,,
STAT3,YWHAZ,,,,
STAT3,ZEB1,,,,
SYNCRIP,CSDE1,,,,
SYNCRIP,DHX9,,,,
SYNCRIP,GAPDH,,,,
SYNCRIP,HNRNPA1,,,,
SYNCRIP,HNRNPD,,,,
SYNCRIP,HNRNPH1,,,,
SYNCRIP,HNRNPK,,,,
SYNCRIP,HNRNPU,,,,
SYNCRIP,PAIP1,,,,
SYNCRIP,RLIM,,,,
SYNCRIP,RPL13A,,,,
SYNCRIP,RPS6,,,,
SYNCRIP,SMN2,,,,
SYNCRIP,SYNCRIP,,,,
SYNCRIP,SYT11,,,,
SYNCRIP,TARDBP,,,,
SYNCRIP,TP53,,,,
SYNCRIP,UBC,,,,
SYNCRIP,YBX1,,,,
SYNCRIP,ZBP1,,,,
TRA2B,HIPK3,,,,
TRA2B,HNRNPA1,,,,
TRA2B,HNRNPA1L2,,,,
TRA2B,MAGOH,,,,
TRA2B,RBMS2,,,,
TRA2B,RBMX,,,,
TRA2B,RBMXL1,,,,
TRA2B,RNPS1,,,,
TRA2B,SRSF1,,,,
TRA2B,SRSF2,,,,
TRA2B,SRSF3,,,,
TRA2B,SRSF4,,,,
TRA2B,SRSF5,,,,
TRA2B,SRSF6,,,,
TRA2B,SRSF7,,,,
TRA2B,SRSF9,,,,
TRA2B,TRA2B,,,,
TRA2B,UBC,,,,
UBE2I,ACTN1,,,,
UBE2I,ACTN4,,,,
UBE2I,AKT1,,,,
UBE2I,ATF3,,,,
UBE2I,BCL11A,,,,
UBE2I,BLM,,,,
UBE2I,CREBBP,,,,
UBE2I,CTBP1,,,,
UBE2I,CTBP2,,,,
UBE2I,CUL1,,,,
UBE2I,DAXX,,,,
UBE2I,DNMT1,,,,
UBE2I,DNMT3A,,,,
UBE2I,EMB,,,,
UBE2I,EP300,,,,
UBE2I,FAS,,,,
UBE2I,FBH1,,,,
UBE2I,FHIT,,,,
UBE2I,HDAC1,,,,
UBE2I,HDAC4,,,,
UBE2I,HIC1,,,,
UBE2I,HIPK2,,,,
UBE2I,HMGA1,,,,
UBE2I,HSF2,,,,
UBE2I,HSPB1,,,,
UBE2I,JUN,,,,
UBE2I,MAF,,,,
UBE2I,MAP3K1,,,,
UBE2I,MDM2,,,,
UBE2I,MEF2C,,,,
UBE2I,MITF,,,,
UBE2I,NFATC2IP,,,,
UBE2I,NSMCE2,,,,
UBE2I,NUP153,,,,
UBE2I,NUP210,,,,
UBE2I,NUP214,,,,
UBE2I,NUP62,,,,
UBE2I,PARP1,,,,
UBE2I,PCNA,,,,
UBE2I,PIAS1,,,,
UBE2I,PIAS2,,,,
UBE2I,PIAS3,,,,
UBE2I,PML,,,,
UBE2I,POT1,,,,
UBE2I,PTENP1,,,,
UBE2I,RAD18,,,,
UBE2I,RAD21,,,,
UBE2I,RAD51B,,,,
UBE2I,RAD51D,,,,
UBE2I,RAD52,,,,
UBE2I,RANBP1,,,,
UBE2I,RANGAP1,,,,
UBE2I,RANP1,,,,
UBE2I,RBMS1,,,,
UBE2I,RBX1,,,,
UBE2I,REC8,,,,
UBE2I,RFFL,,,,
UBE2I,RGPD2,,,,
UBE2I,RGPD3,,,,
UBE2I,RGPD4,,,,
UBE2I,RGPD6,,,,
UBE2I,RGPD8,,,,
UBE2I,SAE1,,,,
UBE2I,SATB1,,,,
UBE2I,SCP2,,,,
UBE2I,SENP1,,,,
UBE2I,SENP2,,,,
UBE2I,SENP5,,,,
UBE2I,SENP6,,,,
UBE2I,SENP7,,,,
UBE2I,SF1,,,,
UBE2I,SHMT1,,,,
UBE2I,SIAH1,,,,
UBE2I,SIAH2,,,,
UBE2I,SKIL,,,,
UBE2I,SKP1,,,,
UBE2I,SMAD4,,,,
UBE2I,SMC3,,,,
UBE2I,SOX4,,,,
UBE2I,SP100,,,,
UBE2I,STAG2,,,,
UBE2I,STAG3,,,,
UBE2I,STAT1,,,,
UBE2I,SUGP1,,,,
UBE2I,SUMO1,,,,
UBE2I,SUMO3,,,,
UBE2I,SUN1,,,,
UBE2I,SUN2,,,,
UBE2I,SUZ12,,,,
UBE2I,SYCP3,,,,
UBE2I,SYNE1,,,,
UBE2I,SYNE2,,,,
UBE2I,TCERG1,,,,
UBE2I,TERF1,,,,
UBE2I,TERF2,,,,
UBE2I,TERF2IP,,,,
UBE2I,TINF2,,,,
UBE2I,TOP1,,,,
UBE2I,TP53,,,,
UBE2I,TPP1,,,,
UBE2I,TRAF3,,,,
UBE2I,TRIM28,,,,
UBE2I,TRIM33,,,,
UBE2I,UBA1,,,,
UBE2I,UBA2,,,,
UBE2I,UBC,,,,
UBE2I,UBE2I,,,,
UBE2I,UBE2K,,,,
UBE2I,UBE2V2,,,,
UBE2I,WRN,,,,
UBE2I,YY1,,,,
UBE2I,ZBTB16,,,,
UBE2I,ZHX1,,,,
UBE2I,ZMIZ1,,,,
UBE2I,ZMIZ2,,,,
UBE2I,ZNF148,,,,
UQCRQ,BCS1L,,,,
UQCRQ,COA6,,,,
UQCRQ,COX4I1,,,,
UQCRQ,COX5A,,,,
UQCRQ,COX5B,,,,
UQCRQ,COX6A1,,,,
UQCRQ,COX6A1P2,,,,
UQCRQ,COX6B1,,,,
UQCRQ,COX6C,,,,
UQCRQ,COX7A2L,,,,
UQCRQ,COX7C,,,,
UQCRQ,COX8A,,,,
UQCRQ,CYC1,,,,
UQCRQ,CYCS,,,,
UQCRQ,GATC,,,,
UQCRQ,MADD,,,,
UQCRQ,MT-CO1,,,,
UQCRQ,MT-CO2,,,,
UQCRQ,MT-CO3,,,,
UQCRQ,MT-CYB,,,,
UQCRQ,MT-ND1,,,,
UQCRQ,MT-ND2,,,,
UQCRQ,MT-ND3,,,,
UQCRQ,MT-ND4,,,,
UQCRQ,MT-ND4L,,,,
UQCRQ,MT-ND5,,,,
UQCRQ,MT-ND6,,,,
UQCRQ,NDUFA1,,,,
UQCRQ,NDUFA10,,,,
UQCRQ,NDUFA11,,,,
UQCRQ,NDUFA12,,,,
UQCRQ,NDUFA13,,,,
UQCRQ,NDUFA2,,,,
UQCRQ,NDUFA4,,,,
UQCRQ,NDUFA5,,,,
UQCRQ,NDUFA6,,,,
UQCRQ,NDUFA8,,,,
UQCRQ,NDUFA9,,,,
UQCRQ,NDUFAB1,,,,
UQCRQ,NDUFB1,,,,
UQCRQ,NDUFB10,,,,
UQCRQ,NDUFB11,,,,
UQCRQ,NDUFB2,,,,
UQCRQ,NDUFB3,,,,
UQCRQ,NDUFB4,,,,
UQCRQ,NDUFB5,,,,
UQCRQ,NDUFB6,,,,
UQCRQ,NDUFB7,,,,
UQCRQ,NDUFB8,,,,
UQCRQ,NDUFB9,,,,
UQCRQ,NDUFC1,,,,
UQCRQ,NDUFC2-KCTD14,,,,
UQCRQ,NDUFS1,,,,
UQCRQ,NDUFS2,,,,
UQCRQ,NDUFS3,,,,
UQCRQ,NDUFS4,,,,
UQCRQ,NDUFS5,,,,
UQCRQ,NDUFS6,,,,
UQCRQ,NDUFS7,,,,
UQCRQ,NDUFS8,,,,
UQCRQ,NDUFV1,,,,
UQCRQ,NDUFV2,,,,
UQCRQ,NDUFV3,,,,
UQCRQ,PMPCB,,,,
UQCRQ,SDHA,,,,
UQCRQ,SDHB,,,,
UQCRQ,SDHC,,,,
UQCRQ,SDHD,,,,
UQCRQ,TAF7,,,,
UQCRQ,UQCR10,,,,
UQCRQ,UQCR11,,,,
UQCRQ,UQCRB,,,,
UQCRQ,UQCRC1,,,,
UQCRQ,UQCRC2,,,,
UQCRQ,UQCRFS1P1,,,,
UQCRQ,UQCRHL,,,,
UQCRQ,UQCRQ,,,,
