"","source","target"
"1","ALYREF","ACIN1"
"2","ALYREF","CCAR1"
"3","ALYREF","CD2BP2"
"4","ALYREF","CDC40"
"5","ALYREF","CHTOP"
"6","ALYREF","CLP1"
"7","ALYREF","CPSF2"
"8","ALYREF","CPSF3"
"9","ALYREF","CPSF7"
"10","ALYREF","CSTF1"
"11","ALYREF","CSTF2"
"12","ALYREF","CSTF3"
"13","ALYREF","DDX23"
"14","ALYREF","DDX39A"
"15","ALYREF","DDX39B"
"16","ALYREF","DDX3X"
"17","ALYREF","DHX38"
"18","ALYREF","DHX9"
"19","ALYREF","DNAJC8"
"20","ALYREF","EFTUD2"
"21","ALYREF","EIF4A3"
"22","ALYREF","EIF4E"
"23","ALYREF","FUS"
"24","ALYREF","GTF2F1"
"25","ALYREF","GTF2F2"
"26","ALYREF","HNRNPA0"
"27","ALYREF","HNRNPA1"
"28","ALYREF","HNRNPA2B1"
"29","ALYREF","HNRNPA3"
"30","ALYREF","HNRNPC"
"31","ALYREF","HNRNPD"
"32","ALYREF","HNRNPF"
"33","ALYREF","HNRNPH1"
"34","ALYREF","HNRNPK"
"35","ALYREF","HNRNPL"
"36","ALYREF","HNRNPM"
"37","ALYREF","HNRNPR"
"38","ALYREF","HNRNPU"
"39","ALYREF","HNRNPUL1"
"40","ALYREF","HRH1"
"41","ALYREF","IMP4"
"42","ALYREF","MAGOH"
"43","ALYREF","MAPRE2"
"44","ALYREF","NCBP1"
"45","ALYREF","NCBP2"
"46","ALYREF","NFX1"
"47","ALYREF","NUDT21"
"48","ALYREF","NUP107"
"49","ALYREF","NUP133"
"50","ALYREF","NUP153"
"51","ALYREF","NUP155"
"52","ALYREF","NUP160"
"53","ALYREF","NUP188"
"54","ALYREF","NUP205"
"55","ALYREF","NUP210"
"56","ALYREF","NUP214"
"57","ALYREF","NUP35"
"58","ALYREF","NUP37"
"59","ALYREF","NUP43"
"60","ALYREF","NUP50"
"61","ALYREF","NUP54"
"62","ALYREF","NUP62"
"63","ALYREF","NUP85"
"64","ALYREF","NUP88"
"65","ALYREF","NUP93"
"66","ALYREF","NXF1"
"67","ALYREF","PABPN1"
"68","ALYREF","PAPOLA"
"69","ALYREF","PCBP1"
"70","ALYREF","PCBP2"
"71","ALYREF","PCF11"
"72","ALYREF","PHF5A"
"73","ALYREF","POLR2A"
"74","ALYREF","POLR2B"
"75","ALYREF","POLR2C"
"76","ALYREF","POLR2E"
"77","ALYREF","POLR2F"
"78","ALYREF","POLR2G"
"79","ALYREF","POLR2H"
"80","ALYREF","POLR2I"
"81","ALYREF","POLR2J"
"82","ALYREF","POLR2K"
"83","ALYREF","POLR2L"
"84","ALYREF","PRMT1"
"85","ALYREF","PRPF4"
"86","ALYREF","PRPF6"
"87","ALYREF","PRPF8"
"88","ALYREF","PTBP1"
"89","ALYREF","RAE1"
"90","ALYREF","RBM5"
"91","ALYREF","RBM8A"
"92","ALYREF","RBMX"
"93","ALYREF","RBP4"
"94","ALYREF","RGPD8"
"95","ALYREF","RNPS1"
"96","ALYREF","SAP18"
"97","ALYREF","SARNP"
"98","ALYREF","SF1"
"99","ALYREF","SF3A1"
"100","ALYREF","SF3A3"
"101","ALYREF","SF3B1"
"102","ALYREF","SF3B3"
"103","ALYREF","SF3B5"
"104","ALYREF","SLBP"
"105","ALYREF","SMAD4"
"106","ALYREF","SNRNP200"
"107","ALYREF","SNRNP40"
"108","ALYREF","SNRNP70"
"109","ALYREF","SNRPA"
"110","ALYREF","SNRPA1"
"111","ALYREF","SNRPB"
"112","ALYREF","SNRPB2"
"113","ALYREF","SNRPD1"
"114","ALYREF","SNRPD2"
"115","ALYREF","SNRPD3"
"116","ALYREF","SNRPE"
"117","ALYREF","SNRPF"
"118","ALYREF","SNRPG"
"119","ALYREF","SNU13"
"120","ALYREF","SPEN"
"121","ALYREF","SRRM1"
"122","ALYREF","SRRT"
"123","ALYREF","SRSF1"
"124","ALYREF","SRSF11"
"125","ALYREF","SRSF2"
"126","ALYREF","SRSF3"
"127","ALYREF","SRSF4"
"128","ALYREF","SRSF5"
"129","ALYREF","SRSF6"
"130","ALYREF","SRSF7"
"131","ALYREF","SRSF9"
"132","ALYREF","SUGP1"
"133","ALYREF","THOC1"
"134","ALYREF","THOC2"
"135","ALYREF","THOC3"
"136","ALYREF","THOC6"
"137","ALYREF","THOC7"
"138","ALYREF","TPR"
"139","ALYREF","TXNL4A"
"140","ALYREF","U2AF1L4"
"141","ALYREF","U2AF2"
"142","ALYREF","UBC"
"143","ALYREF","UPF1"
"144","ALYREF","UPF3A"
"145","ALYREF","UPF3B"
"146","ALYREF","YBX1"
"147","ALYREF","ZC3H13"
"148","ALYREF","ZC3H14"
"149","ANAPC11","ANAPC1"
"150","ANAPC11","ANAPC10"
"151","ANAPC11","ANAPC13"
"152","ANAPC11","ANAPC15"
"153","ANAPC11","ANAPC16"
"154","ANAPC11","ANAPC4"
"155","ANAPC11","ANAPC5"
"156","ANAPC11","AURKA"
"157","ANAPC11","AURKB"
"158","ANAPC11","BARD1"
"159","ANAPC11","BRCC3"
"160","ANAPC11","BUB3"
"161","ANAPC11","CBX4"
"162","ANAPC11","CCNB1"
"163","ANAPC11","CCNB2"
"164","ANAPC11","CCNE1"
"165","ANAPC11","CCNE2"
"166","ANAPC11","CDC14A"
"167","ANAPC11","CDC16"
"168","ANAPC11","CDC20"
"169","ANAPC11","CDC23"
"170","ANAPC11","CDC26"
"171","ANAPC11","CDC27"
"172","ANAPC11","CDK1"
"173","ANAPC11","CDK2"
"174","ANAPC11","CDKN1A"
"175","ANAPC11","CDKN1B"
"176","ANAPC11","CEBPB"
"177","ANAPC11","COMMD3-BMI1"
"178","ANAPC11","CUL4A"
"179","ANAPC11","CXCL8"
"180","ANAPC11","EHMT1"
"181","ANAPC11","FZR1"
"182","ANAPC11","MAD2L1"
"183","ANAPC11","MAD2L2"
"184","ANAPC11","NFKB1"
"185","ANAPC11","PCGF6"
"186","ANAPC11","PHC1"
"187","ANAPC11","PHC2"
"188","ANAPC11","PHC3"
"189","ANAPC11","PHGDH"
"190","ANAPC11","PPP3CA"
"191","ANAPC11","PPP3CB"
"192","ANAPC11","PPP3CC"
"193","ANAPC11","PPP3R1"
"194","ANAPC11","PSMA1"
"195","ANAPC11","PSMA3"
"196","ANAPC11","PSMA4"
"197","ANAPC11","PSMA5"
"198","ANAPC11","PSMA6"
"199","ANAPC11","PSMA7"
"200","ANAPC11","PSMB1"
"201","ANAPC11","PSMB10"
"202","ANAPC11","PSMB2"
"203","ANAPC11","PSMB3"
"204","ANAPC11","PSMB4"
"205","ANAPC11","PSMB5"
"206","ANAPC11","PSMB6"
"207","ANAPC11","PSMB7"
"208","ANAPC11","PSMC1"
"209","ANAPC11","PSMC2"
"210","ANAPC11","PSMC3"
"211","ANAPC11","PSMC4"
"212","ANAPC11","PSMC5"
"213","ANAPC11","PSMC6"
"214","ANAPC11","PSMD10"
"215","ANAPC11","PSMD11"
"216","ANAPC11","PSMD12"
"217","ANAPC11","PSMD13"
"218","ANAPC11","PSMD14"
"219","ANAPC11","PSMD3"
"220","ANAPC11","PSMD4"
"221","ANAPC11","PSMD5"
"222","ANAPC11","PSMD6"
"223","ANAPC11","PSMD7"
"224","ANAPC11","PSMD8"
"225","ANAPC11","PSMD9"
"226","ANAPC11","PSME1"
"227","ANAPC11","PSME2"
"228","ANAPC11","PSME3"
"229","ANAPC11","PSME4"
"230","ANAPC11","PSMF1"
"231","ANAPC11","PTTG1"
"232","ANAPC11","PTTG2"
"233","ANAPC11","RBX1"
"234","ANAPC11","RELA"
"235","ANAPC11","RNF2"
"236","ANAPC11","RNF7"
"237","ANAPC11","RPN1"
"238","ANAPC11","RPN2"
"239","ANAPC11","SKP1"
"240","ANAPC11","SKP2"
"241","ANAPC11","UBC"
"242","ANAPC11","UBE2C"
"243","ANAPC11","UBE2D1"
"244","ANAPC11","UBE2D3"
"245","ANAPC11","UBE2E1"
"246","ANAPC11","UBE2K"
"247","ANAPC11","UBE2S"
"248","ANAPC11","WDFY1"
"249","ANAPC11","WDFY2"
"250","CCT4","ACTG1"
"251","CCT4","CCT2"
"252","CCT4","CCT3"
"253","CCT4","CCT5"
"254","CCT4","CCT6A"
"255","CCT4","CCT7"
"256","CCT4","CCT8"
"257","CCT4","COP1"
"258","CCT4","FARS2"
"259","CCT4","GCN1"
"260","CCT4","GRPEL1"
"261","CCT4","GRPEL2"
"262","CCT4","HSP90AA4P"
"263","CCT4","HSPA4"
"264","CCT4","HSPE1"
"265","CCT4","MKKS"
"266","CCT4","P4HB"
"267","CCT4","PDCL3"
"268","CCT4","PEX19"
"269","CCT4","PFDN1"
"270","CCT4","PFDN2"
"271","CCT4","PFDN4"
"272","CCT4","PFDN5"
"273","CCT4","PPP2CB"
"274","CCT4","PPP4C"
"275","CCT4","RPSA"
"276","CCT4","SSR1"
"277","CCT4","STK3"
"278","CCT4","STRN"
"279","CCT4","STRN3"
"280","CCT4","STRN4"
"281","CCT4","TARBP1"
"282","CCT4","TCP1"
"283","CCT4","TUBA1B"
"284","CCT4","TUBA1C"
"285","CCT4","TUBA4A"
"286","CCT4","TUBB2A"
"287","CCT4","TUBB4A"
"288","CCT4","TUBB4B"
"289","CCT4","TUBB6"
"290","CCT4","TXNL1"
"291","CCT4","UBC"
"292","CCT7","ACTG1"
"293","CCT7","ATG16L1"
"294","CCT7","CCT2"
"295","CCT7","CCT3"
"296","CCT7","CCT4"
"297","CCT7","CCT5"
"298","CCT7","CCT6A"
"299","CCT7","CCT8"
"300","CCT7","EEF1G"
"301","CCT7","FARS2"
"302","CCT7","GMPS"
"303","CCT7","GRPEL1"
"304","CCT7","GRPEL2"
"305","CCT7","HSP90AA4P"
"306","CCT7","HSP90AB2P"
"307","CCT7","HSPA8"
"308","CCT7","HSPA9"
"309","CCT7","HSPE1"
"310","CCT7","HSPH1"
"311","CCT7","MIR3652"
"312","CCT7","MOB4"
"313","CCT7","PAN2"
"314","CCT7","PFDN1"
"315","CCT7","PFDN2"
"316","CCT7","PFDN4"
"317","CCT7","PFDN5"
"318","CCT7","PPP2CB"
"319","CCT7","PPP4C"
"320","CCT7","RPL5"
"321","CCT7","STK3"
"322","CCT7","STRN"
"323","CCT7","STRN3"
"324","CCT7","STRN4"
"325","CCT7","TCP1"
"326","CCT7","TRIM28"
"327","CCT7","TUBA1B"
"328","CCT7","TUBA1C"
"329","CCT7","TUBA4A"
"330","CCT7","TUBB2A"
"331","CCT7","TUBB4A"
"332","CCT7","TUBB4B"
"333","CCT7","TUBB6"
"334","CCT7","UBC"
"335","COX6A1","COA6"
"336","COX6A1","COX4I1"
"337","COX6A1","COX5A"
"338","COX6A1","COX5B"
"339","COX6A1","COX6B1"
"340","COX6A1","COX6C"
"341","COX6A1","COX7A2L"
"342","COX6A1","COX7C"
"343","COX6A1","COX8A"
"344","COX6A1","CYC1"
"345","COX6A1","CYCS"
"346","COX6A1","MT-CO1"
"347","COX6A1","MT-CO2"
"348","COX6A1","MT-CO3"
"349","COX6A1","MT-CYB"
"350","COX6A1","NDUFA13"
"351","COX6A1","NDUFA4"
"352","COX6A1","NDUFA5"
"353","COX6A1","NDUFA6"
"354","COX6A1","NDUFA7"
"355","COX6A1","NDUFA8"
"356","COX6A1","NDUFAB1"
"357","COX6A1","NDUFB10"
"358","COX6A1","NDUFB11"
"359","COX6A1","NDUFB5"
"360","COX6A1","NDUFB7"
"361","COX6A1","NDUFB8"
"362","COX6A1","NDUFB9"
"363","COX6A1","NDUFS3"
"364","COX6A1","NDUFS6"
"365","COX6A1","NDUFV2"
"366","COX6A1","PMPCB"
"367","COX6A1","SDHC"
"368","COX6A1","SDHD"
"369","COX6A1","UQCR10"
"370","COX6A1","UQCRB"
"371","COX6A1","UQCRC1"
"372","COX6A1","UQCRC2"
"373","COX6A1","UQCRFS1P1"
"374","COX6A1","UQCRHL"
"375","COX6A1","UQCRQ"
"376","CPSF6","CLP1"
"377","CPSF6","CPSF1"
"378","CPSF6","CPSF2"
"379","CPSF6","CPSF3"
"380","CPSF6","CPSF7"
"381","CPSF6","CSTF2"
"382","CPSF6","HNRNPK"
"383","CPSF6","MAX"
"384","CPSF6","NUDT21"
"385","CPSF6","NUP107"
"386","CPSF6","NXF1"
"387","CPSF6","PCF11"
"388","CPSF6","TNPO3"
"389","DDX17","BYSL"
"390","DDX17","DCP2"
"391","DDX17","DDX5"
"392","DDX17","DDX56"
"393","DDX17","DGCR8"
"394","DDX17","DHX9"
"395","DDX17","EP300"
"396","DDX17","FBL"
"397","DDX17","GMPS"
"398","DDX17","GNL2"
"399","DDX17","GNL3"
"400","DDX17","GTPBP4"
"401","DDX17","HDAC1"
"402","DDX17","HNRNPA1"
"403","DDX17","HRH1"
"404","DDX17","ILF3"
"405","DDX17","MAGOH"
"406","DDX17","MIS12"
"407","DDX17","NAT10"
"408","DDX17","NCOA2"
"409","DDX17","NOP2"
"410","DDX17","NOP56"
"411","DDX17","NOP58"
"412","DDX17","PCNA"
"413","DDX17","PDCD11"
"414","DDX17","PWP1"
"415","DDX17","RPA2"
"416","DDX17","RPF2"
"417","DDX17","RRP12"
"418","DDX17","SF1"
"419","DDX17","SRA1"
"420","DDX17","SREK1"
"421","DDX17","SRSF1"
"422","DDX17","TFF1"
"423","DDX17","TP53"
"424","DDX17","U2AF2"
"425","DDX17","UBC"
"426","DDX17","ZWINT"
"427","DHX9","AGO2"
"428","DHX9","AKAP8L"
"429","DHX9","ALYREF"
"430","DHX9","CCAR1"
"431","DHX9","CCND1"
"432","DHX9","CD2BP2"
"433","DHX9","CDC40"
"434","DHX9","CHUK"
"435","DHX9","CLP1"
"436","DHX9","CPSF2"
"437","DHX9","CPSF3"
"438","DHX9","CPSF7"
"439","DHX9","CREBBP"
"440","DHX9","CSDE1"
"441","DHX9","CSTF1"
"442","DHX9","CSTF2"
"443","DHX9","CSTF3"
"444","DHX9","DDX17"
"445","DHX9","DDX20"
"446","DHX9","DDX21"
"447","DHX9","DDX23"
"448","DHX9","DDX5"
"449","DHX9","DHX38"
"450","DHX9","DICER1"
"451","DHX9","DNAJC8"
"452","DHX9","EFTUD2"
"453","DHX9","EGFR"
"454","DHX9","EMB"
"455","DHX9","FLI1"
"456","DHX9","FUS"
"457","DHX9","GTF2F1"
"458","DHX9","GTF2F2"
"459","DHX9","HEXIM1"
"460","DHX9","HNRNPA0"
"461","DHX9","HNRNPA1"
"462","DHX9","HNRNPA2B1"
"463","DHX9","HNRNPA3"
"464","DHX9","HNRNPC"
"465","DHX9","HNRNPD"
"466","DHX9","HNRNPF"
"467","DHX9","HNRNPH1"
"468","DHX9","HNRNPK"
"469","DHX9","HNRNPL"
"470","DHX9","HNRNPM"
"471","DHX9","HNRNPR"
"472","DHX9","HNRNPU"
"473","DHX9","HNRNPUL1"
"474","DHX9","IKBKB"
"475","DHX9","ILF2"
"476","DHX9","ILF3"
"477","DHX9","KHDRBS1"
"478","DHX9","MAGOH"
"479","DHX9","MYD88"
"480","DHX9","NCBP1"
"481","DHX9","NCBP2"
"482","DHX9","NFAT5"
"483","DHX9","NFKB1"
"484","DHX9","NFKB2"
"485","DHX9","NFKBIA"
"486","DHX9","NFKBIB"
"487","DHX9","NFX1"
"488","DHX9","NRAS"
"489","DHX9","NUDT21"
"490","DHX9","NXF1"
"491","DHX9","PABPN1"
"492","DHX9","PAPOLA"
"493","DHX9","PCBP1"
"494","DHX9","PCBP2"
"495","DHX9","PCF11"
"496","DHX9","PCNA"
"497","DHX9","PHF5A"
"498","DHX9","POLR2A"
"499","DHX9","POLR2B"
"500","DHX9","POLR2C"
"501","DHX9","POLR2E"
"502","DHX9","POLR2F"
"503","DHX9","POLR2G"
"504","DHX9","POLR2H"
"505","DHX9","POLR2I"
"506","DHX9","POLR2J"
"507","DHX9","POLR2K"
"508","DHX9","POLR2L"
"509","DHX9","PRKDC"
"510","DHX9","PRMT1"
"511","DHX9","PRPF4"
"512","DHX9","PRPF6"
"513","DHX9","PRPF8"
"514","DHX9","PTBP1"
"515","DHX9","RBM5"
"516","DHX9","RBMX"
"517","DHX9","RBP4"
"518","DHX9","RELA"
"519","DHX9","RNPS1"
"520","DHX9","SF3A1"
"521","DHX9","SF3A3"
"522","DHX9","SF3B1"
"523","DHX9","SF3B3"
"524","DHX9","SF3B5"
"525","DHX9","SNRNP200"
"526","DHX9","SNRNP40"
"527","DHX9","SNRNP70"
"528","DHX9","SNRPA"
"529","DHX9","SNRPA1"
"530","DHX9","SNRPB"
"531","DHX9","SNRPB2"
"532","DHX9","SNRPD1"
"533","DHX9","SNRPD2"
"534","DHX9","SNRPD3"
"535","DHX9","SNRPE"
"536","DHX9","SNRPF"
"537","DHX9","SNRPG"
"538","DHX9","SNU13"
"539","DHX9","SP100"
"540","DHX9","SRRM1"
"541","DHX9","SRSF1"
"542","DHX9","SRSF11"
"543","DHX9","SRSF2"
"544","DHX9","SRSF3"
"545","DHX9","SRSF4"
"546","DHX9","SRSF5"
"547","DHX9","SRSF6"
"548","DHX9","SRSF7"
"549","DHX9","SRSF9"
"550","DHX9","SSRP1"
"551","DHX9","STAT3"
"552","DHX9","STAU1"
"553","DHX9","SUGP1"
"554","DHX9","SYNCRIP"
"555","DHX9","TOP2A"
"556","DHX9","TXNL4A"
"557","DHX9","U2AF1L4"
"558","DHX9","U2AF2"
"559","DHX9","UBC"
"560","DHX9","UPF3B"
"561","DHX9","WRN"
"562","DHX9","XRCC5"
"563","DHX9","YBX1"
"564","DHX9","ZBP1"
"565","EIF1AX","DHX29"
"566","EIF1AX","EIF1"
"567","EIF1AX","EIF1B"
"568","EIF1AX","EIF2S1"
"569","EIF1AX","EIF2S2"
"570","EIF1AX","EIF2S3"
"571","EIF1AX","EIF3A"
"572","EIF1AX","EIF3B"
"573","EIF1AX","EIF3C"
"574","EIF1AX","EIF3CL"
"575","EIF1AX","EIF3D"
"576","EIF1AX","EIF3E"
"577","EIF1AX","EIF3F"
"578","EIF1AX","EIF3G"
"579","EIF1AX","EIF3H"
"580","EIF1AX","EIF3I"
"581","EIF1AX","EIF3J"
"582","EIF1AX","EIF3K"
"583","EIF1AX","EIF4A2"
"584","EIF1AX","EIF4B"
"585","EIF1AX","EIF4E"
"586","EIF1AX","EIF4G1"
"587","EIF1AX","EIF5"
"588","EIF1AX","EIF5B"
"589","EIF1AX","FAU"
"590","EIF1AX","MRPS11"
"591","EIF1AX","MRPS7"
"592","EIF1AX","RANP1"
"593","EIF1AX","RLIM"
"594","EIF1AX","RPL10A"
"595","EIF1AX","RPL11"
"596","EIF1AX","RPL12"
"597","EIF1AX","RPL13"
"598","EIF1AX","RPL13A"
"599","EIF1AX","RPL14"
"600","EIF1AX","RPL15"
"601","EIF1AX","RPL17"
"602","EIF1AX","RPL18"
"603","EIF1AX","RPL18A"
"604","EIF1AX","RPL19"
"605","EIF1AX","RPL21"
"606","EIF1AX","RPL22"
"607","EIF1AX","RPL23"
"608","EIF1AX","RPL23A"
"609","EIF1AX","RPL24"
"610","EIF1AX","RPL26"
"611","EIF1AX","RPL26L1"
"612","EIF1AX","RPL27"
"613","EIF1AX","RPL27A"
"614","EIF1AX","RPL28"
"615","EIF1AX","RPL29"
"616","EIF1AX","RPL3"
"617","EIF1AX","RPL30"
"618","EIF1AX","RPL31"
"619","EIF1AX","RPL32"
"620","EIF1AX","RPL34"
"621","EIF1AX","RPL35"
"622","EIF1AX","RPL35A"
"623","EIF1AX","RPL36"
"624","EIF1AX","RPL37"
"625","EIF1AX","RPL37A"
"626","EIF1AX","RPL38"
"627","EIF1AX","RPL39"
"628","EIF1AX","RPL4"
"629","EIF1AX","RPL41"
"630","EIF1AX","RPL5"
"631","EIF1AX","RPL6"
"632","EIF1AX","RPL7"
"633","EIF1AX","RPL8"
"634","EIF1AX","RPL9P7"
"635","EIF1AX","RPLP0P6"
"636","EIF1AX","RPLP2"
"637","EIF1AX","RPS10-NUDT3"
"638","EIF1AX","RPS11"
"639","EIF1AX","RPS12"
"640","EIF1AX","RPS13"
"641","EIF1AX","RPS14"
"642","EIF1AX","RPS15"
"643","EIF1AX","RPS15A"
"644","EIF1AX","RPS16"
"645","EIF1AX","RPS18"
"646","EIF1AX","RPS19"
"647","EIF1AX","RPS2"
"648","EIF1AX","RPS20"
"649","EIF1AX","RPS21"
"650","EIF1AX","RPS23"
"651","EIF1AX","RPS24"
"652","EIF1AX","RPS26"
"653","EIF1AX","RPS27"
"654","EIF1AX","RPS28"
"655","EIF1AX","RPS29"
"656","EIF1AX","RPS3"
"657","EIF1AX","RPS3A"
"658","EIF1AX","RPS4X"
"659","EIF1AX","RPS4Y1"
"660","EIF1AX","RPS5"
"661","EIF1AX","RPS6"
"662","EIF1AX","RPS7"
"663","EIF1AX","RPS8"
"664","EIF1AX","RPSA"
"665","EIF1AX","RRP1"
"666","EIF1AX","SNORA67"
"667","EIF1AX","UBC"
"668","EIF3I","ABCE1"
"669","EIF3I","EIF1"
"670","EIF3I","EIF1AX"
"671","EIF3I","EIF1B"
"672","EIF3I","EIF2S1"
"673","EIF3I","EIF2S2"
"674","EIF3I","EIF2S3"
"675","EIF3I","EIF3A"
"676","EIF3I","EIF3B"
"677","EIF3I","EIF3C"
"678","EIF3I","EIF3CL"
"679","EIF3I","EIF3D"
"680","EIF3I","EIF3E"
"681","EIF3I","EIF3F"
"682","EIF3I","EIF3G"
"683","EIF3I","EIF3H"
"684","EIF3I","EIF3J"
"685","EIF3I","EIF3K"
"686","EIF3I","EIF3L"
"687","EIF3I","EIF3M"
"688","EIF3I","EIF4A2"
"689","EIF3I","EIF4B"
"690","EIF3I","EIF4E"
"691","EIF3I","EIF4G1"
"692","EIF3I","EIF5"
"693","EIF3I","EIF5B"
"694","EIF3I","FAU"
"695","EIF3I","GCH1"
"696","EIF3I","GTF2B"
"697","EIF3I","RACK1"
"698","EIF3I","RLIM"
"699","EIF3I","RPL10A"
"700","EIF3I","RPL11"
"701","EIF3I","RPL12"
"702","EIF3I","RPL13"
"703","EIF3I","RPL13A"
"704","EIF3I","RPL14"
"705","EIF3I","RPL15"
"706","EIF3I","RPL17"
"707","EIF3I","RPL18"
"708","EIF3I","RPL18A"
"709","EIF3I","RPL19"
"710","EIF3I","RPL21"
"711","EIF3I","RPL22"
"712","EIF3I","RPL23"
"713","EIF3I","RPL23A"
"714","EIF3I","RPL24"
"715","EIF3I","RPL26"
"716","EIF3I","RPL26L1"
"717","EIF3I","RPL27"
"718","EIF3I","RPL27A"
"719","EIF3I","RPL28"
"720","EIF3I","RPL29"
"721","EIF3I","RPL3"
"722","EIF3I","RPL30"
"723","EIF3I","RPL31"
"724","EIF3I","RPL32"
"725","EIF3I","RPL34"
"726","EIF3I","RPL35"
"727","EIF3I","RPL35A"
"728","EIF3I","RPL36"
"729","EIF3I","RPL37"
"730","EIF3I","RPL37A"
"731","EIF3I","RPL38"
"732","EIF3I","RPL39"
"733","EIF3I","RPL4"
"734","EIF3I","RPL41"
"735","EIF3I","RPL5"
"736","EIF3I","RPL6"
"737","EIF3I","RPL7"
"738","EIF3I","RPL8"
"739","EIF3I","RPL9P7"
"740","EIF3I","RPLP0P6"
"741","EIF3I","RPLP2"
"742","EIF3I","RPS10-NUDT3"
"743","EIF3I","RPS11"
"744","EIF3I","RPS12"
"745","EIF3I","RPS13"
"746","EIF3I","RPS14"
"747","EIF3I","RPS15"
"748","EIF3I","RPS15A"
"749","EIF3I","RPS16"
"750","EIF3I","RPS19"
"751","EIF3I","RPS2"
"752","EIF3I","RPS20"
"753","EIF3I","RPS21"
"754","EIF3I","RPS23"
"755","EIF3I","RPS24"
"756","EIF3I","RPS26"
"757","EIF3I","RPS27"
"758","EIF3I","RPS28"
"759","EIF3I","RPS29"
"760","EIF3I","RPS3"
"761","EIF3I","RPS3A"
"762","EIF3I","RPS4X"
"763","EIF3I","RPS4Y1"
"764","EIF3I","RPS5"
"765","EIF3I","RPS6"
"766","EIF3I","RPS7"
"767","EIF3I","RPS8"
"768","EIF3I","RPS9"
"769","EIF3I","RPSA"
"770","EIF3I","RRP1"
"771","EIF3I","SNORA67"
"772","EIF3I","TRMT6"
"773","EIF3I","UBC"
"774","EIF3I","USP3"
"775","EIF3M","COPS4"
"776","EIF3M","COPS5"
"777","EIF3M","EIF3A"
"778","EIF3M","EIF3B"
"779","EIF3M","EIF3C"
"780","EIF3M","EIF3CL"
"781","EIF3M","EIF3D"
"782","EIF3M","EIF3E"
"783","EIF3M","EIF3F"
"784","EIF3M","EIF3G"
"785","EIF3M","EIF3H"
"786","EIF3M","EIF3I"
"787","EIF3M","EIF3J"
"788","EIF3M","EIF3K"
"789","EIF3M","EIF3L"
"790","EIF3M","NAA15"
"791","EIF3M","UBC"
"792","EIF4A3","ALYREF"
"793","EIF4A3","ARIH1"
"794","EIF4A3","CASC3"
"795","EIF4A3","CCDC174"
"796","EIF4A3","CDC5L"
"797","EIF4A3","CNOT1"
"798","EIF4A3","CNOT10"
"799","EIF4A3","CNOT11"
"800","EIF4A3","CNOT2"
"801","EIF4A3","CNOT4"
"802","EIF4A3","CNOT6"
"803","EIF4A3","CNOT6L"
"804","EIF4A3","CNOT7"
"805","EIF4A3","CNOT8"
"806","EIF4A3","CNOT9"
"807","EIF4A3","CWC22"
"808","EIF4A3","DHX15"
"809","EIF4A3","EFTUD2"
"810","EIF4A3","EIF4A2"
"811","EIF4A3","EIF4B"
"812","EIF4A3","EIF4E"
"813","EIF4A3","EIF4E2"
"814","EIF4A3","EIF4E3"
"815","EIF4A3","EIF4G1"
"816","EIF4A3","EIF4G3"
"817","EIF4A3","ETF1"
"818","EIF4A3","FAU"
"819","EIF4A3","GPX1"
"820","EIF4A3","HERC5"
"821","EIF4A3","HNRNPA1"
"822","EIF4A3","HNRNPC"
"823","EIF4A3","HNRNPU"
"824","EIF4A3","HRH1"
"825","EIF4A3","ILF2"
"826","EIF4A3","ISG15"
"827","EIF4A3","LBR"
"828","EIF4A3","MAGOH"
"829","EIF4A3","NAT1"
"830","EIF4A3","NCBP1"
"831","EIF4A3","NCBP2"
"832","EIF4A3","NOM1"
"833","EIF4A3","NXF1"
"834","EIF4A3","PAIP1"
"835","EIF4A3","PAN2"
"836","EIF4A3","PAN3"
"837","EIF4A3","PARN"
"838","EIF4A3","PDCD4"
"839","EIF4A3","POLDIP3"
"840","EIF4A3","PPP2CB"
"841","EIF4A3","PPP2R1A"
"842","EIF4A3","PPP2R2D"
"843","EIF4A3","PRPF19"
"844","EIF4A3","RALY"
"845","EIF4A3","RBM8A"
"846","EIF4A3","RBMX"
"847","EIF4A3","RLIM"
"848","EIF4A3","RNPS1"
"849","EIF4A3","RPL10A"
"850","EIF4A3","RPL11"
"851","EIF4A3","RPL12"
"852","EIF4A3","RPL13"
"853","EIF4A3","RPL13A"
"854","EIF4A3","RPL14"
"855","EIF4A3","RPL15"
"856","EIF4A3","RPL17"
"857","EIF4A3","RPL18"
"858","EIF4A3","RPL18A"
"859","EIF4A3","RPL19"
"860","EIF4A3","RPL21"
"861","EIF4A3","RPL22"
"862","EIF4A3","RPL23"
"863","EIF4A3","RPL23A"
"864","EIF4A3","RPL24"
"865","EIF4A3","RPL26"
"866","EIF4A3","RPL26L1"
"867","EIF4A3","RPL27"
"868","EIF4A3","RPL27A"
"869","EIF4A3","RPL28"
"870","EIF4A3","RPL29"
"871","EIF4A3","RPL3"
"872","EIF4A3","RPL30"
"873","EIF4A3","RPL31"
"874","EIF4A3","RPL32"
"875","EIF4A3","RPL34"
"876","EIF4A3","RPL35"
"877","EIF4A3","RPL35A"
"878","EIF4A3","RPL36"
"879","EIF4A3","RPL37"
"880","EIF4A3","RPL37A"
"881","EIF4A3","RPL38"
"882","EIF4A3","RPL39"
"883","EIF4A3","RPL4"
"884","EIF4A3","RPL41"
"885","EIF4A3","RPL5"
"886","EIF4A3","RPL6"
"887","EIF4A3","RPL7"
"888","EIF4A3","RPL8"
"889","EIF4A3","RPL9P7"
"890","EIF4A3","RPLP0P6"
"891","EIF4A3","RPLP2"
"892","EIF4A3","RPS10-NUDT3"
"893","EIF4A3","RPS11"
"894","EIF4A3","RPS12"
"895","EIF4A3","RPS13"
"896","EIF4A3","RPS14"
"897","EIF4A3","RPS15"
"898","EIF4A3","RPS15A"
"899","EIF4A3","RPS16"
"900","EIF4A3","RPS19"
"901","EIF4A3","RPS2"
"902","EIF4A3","RPS20"
"903","EIF4A3","RPS21"
"904","EIF4A3","RPS23"
"905","EIF4A3","RPS24"
"906","EIF4A3","RPS26"
"907","EIF4A3","RPS27"
"908","EIF4A3","RPS28"
"909","EIF4A3","RPS29"
"910","EIF4A3","RPS3"
"911","EIF4A3","RPS3A"
"912","EIF4A3","RPS4X"
"913","EIF4A3","RPS4Y1"
"914","EIF4A3","RPS5"
"915","EIF4A3","RPS6"
"916","EIF4A3","RPS7"
"917","EIF4A3","RPS8"
"918","EIF4A3","RPSA"
"919","EIF4A3","RRP1"
"920","EIF4A3","SF1"
"921","EIF4A3","SMAD4"
"922","EIF4A3","SMG1"
"923","EIF4A3","SMG5"
"924","EIF4A3","SMG6"
"925","EIF4A3","SMG7"
"926","EIF4A3","SMG8"
"927","EIF4A3","SMG9"
"928","EIF4A3","SNORA67"
"929","EIF4A3","SRRM1"
"930","EIF4A3","SRRM2"
"931","EIF4A3","SRSF1"
"932","EIF4A3","SRSF10"
"933","EIF4A3","SRSF3"
"934","EIF4A3","SRSF5"
"935","EIF4A3","SRSF7"
"936","EIF4A3","THRAP3"
"937","EIF4A3","UBC"
"938","EIF4A3","UBE2L6"
"939","EIF4A3","UPF1"
"940","EIF4A3","UPF2"
"941","EIF4A3","UPF3A"
"942","EIF4A3","UPF3B"
"943","EIF4E","AGO2"
"944","EIF4E","ALYREF"
"945","EIF4E","ARIH1"
"946","EIF4E","ATP7A"
"947","EIF4E","CASP1"
"948","EIF4E","CASP10"
"949","EIF4E","CASP2"
"950","EIF4E","CASP3"
"951","EIF4E","CASP4"
"952","EIF4E","CASP7"
"953","EIF4E","CASP8"
"954","EIF4E","CASP9"
"955","EIF4E","CCND1"
"956","EIF4E","CNOT1"
"957","EIF4E","CNOT10"
"958","EIF4E","CNOT11"
"959","EIF4E","CNOT2"
"960","EIF4E","CNOT4"
"961","EIF4E","CNOT6"
"962","EIF4E","CNOT6L"
"963","EIF4E","CNOT7"
"964","EIF4E","CNOT8"
"965","EIF4E","CNOT9"
"966","EIF4E","COX5B"
"967","EIF4E","CYFIP2"
"968","EIF4E","DDX3X"
"969","EIF4E","DDX3Y"
"970","EIF4E","DDX6"
"971","EIF4E","EGFR"
"972","EIF4E","EIF1"
"973","EIF4E","EIF1AX"
"974","EIF4E","EIF2S1"
"975","EIF4E","EIF2S2"
"976","EIF4E","EIF2S3"
"977","EIF4E","EIF3A"
"978","EIF4E","EIF3B"
"979","EIF4E","EIF3C"
"980","EIF4E","EIF3D"
"981","EIF4E","EIF3E"
"982","EIF4E","EIF3F"
"983","EIF4E","EIF3G"
"984","EIF4E","EIF3H"
"985","EIF4E","EIF3I"
"986","EIF4E","EIF3J"
"987","EIF4E","EIF3K"
"988","EIF4E","EIF4A2"
"989","EIF4E","EIF4A3"
"990","EIF4E","EIF4B"
"991","EIF4E","EIF4E2"
"992","EIF4E","EIF4E3"
"993","EIF4E","EIF4EBP1"
"994","EIF4E","EIF4EBP2"
"995","EIF4E","EIF4EBP3"
"996","EIF4E","EIF4G1"
"997","EIF4E","EIF4G3"
"998","EIF4E","EIF5"
"999","EIF4E","EIF5B"
"1000","EIF4E","ELAVL1"
"1001","EIF4E","ERBB3"
"1002","EIF4E","FAU"
"1003","EIF4E","G3BP1"
"1004","EIF4E","HERC5"
"1005","EIF4E","HNRNPA1"
"1006","EIF4E","HSPB1"
"1007","EIF4E","ISG15"
"1008","EIF4E","LRPPRC"
"1009","EIF4E","MAGOH"
"1010","EIF4E","MAPK14"
"1011","EIF4E","MAPK3"
"1012","EIF4E","MAPKAPK3"
"1013","EIF4E","MAX"
"1014","EIF4E","MKNK1"
"1015","EIF4E","MKNK2"
"1016","EIF4E","MLST8"
"1017","EIF4E","MTOR"
"1018","EIF4E","MYC"
"1019","EIF4E","NAT1"
"1020","EIF4E","NCBP1"
"1021","EIF4E","NCBP2"
"1022","EIF4E","NFKB1"
"1023","EIF4E","NFX1"
"1024","EIF4E","NUP107"
"1025","EIF4E","NUP133"
"1026","EIF4E","NUP153"
"1027","EIF4E","NUP155"
"1028","EIF4E","NUP160"
"1029","EIF4E","NUP188"
"1030","EIF4E","NUP205"
"1031","EIF4E","NUP210"
"1032","EIF4E","NUP214"
"1033","EIF4E","NUP35"
"1034","EIF4E","NUP37"
"1035","EIF4E","NUP43"
"1036","EIF4E","NUP50"
"1037","EIF4E","NUP54"
"1038","EIF4E","NUP62"
"1039","EIF4E","NUP85"
"1040","EIF4E","NUP88"
"1041","EIF4E","NUP93"
"1042","EIF4E","NXF1"
"1043","EIF4E","PABPC3"
"1044","EIF4E","PABPC4"
"1045","EIF4E","PAIP1"
"1046","EIF4E","PAN2"
"1047","EIF4E","PAN3"
"1048","EIF4E","PARN"
"1049","EIF4E","PIK3C2A"
"1050","EIF4E","PML"
"1051","EIF4E","PPP2R5D"
"1052","EIF4E","PRMT5"
"1053","EIF4E","PSMC4"
"1054","EIF4E","PTBP1"
"1055","EIF4E","PTBP2"
"1056","EIF4E","PTPA"
"1057","EIF4E","RAE1"
"1058","EIF4E","RGPD8"
"1059","EIF4E","RHEB"
"1060","EIF4E","RLIM"
"1061","EIF4E","RNMT"
"1062","EIF4E","RNPS1"
"1063","EIF4E","RPL10A"
"1064","EIF4E","RPL11"
"1065","EIF4E","RPL12"
"1066","EIF4E","RPL13"
"1067","EIF4E","RPL13A"
"1068","EIF4E","RPL14"
"1069","EIF4E","RPL15"
"1070","EIF4E","RPL17"
"1071","EIF4E","RPL18"
"1072","EIF4E","RPL18A"
"1073","EIF4E","RPL19"
"1074","EIF4E","RPL21"
"1075","EIF4E","RPL22"
"1076","EIF4E","RPL23"
"1077","EIF4E","RPL23A"
"1078","EIF4E","RPL24"
"1079","EIF4E","RPL26"
"1080","EIF4E","RPL26L1"
"1081","EIF4E","RPL27"
"1082","EIF4E","RPL27A"
"1083","EIF4E","RPL28"
"1084","EIF4E","RPL29"
"1085","EIF4E","RPL3"
"1086","EIF4E","RPL30"
"1087","EIF4E","RPL31"
"1088","EIF4E","RPL32"
"1089","EIF4E","RPL34"
"1090","EIF4E","RPL35"
"1091","EIF4E","RPL35A"
"1092","EIF4E","RPL36"
"1093","EIF4E","RPL37"
"1094","EIF4E","RPL37A"
"1095","EIF4E","RPL38"
"1096","EIF4E","RPL39"
"1097","EIF4E","RPL4"
"1098","EIF4E","RPL41"
"1099","EIF4E","RPL5"
"1100","EIF4E","RPL6"
"1101","EIF4E","RPL7"
"1102","EIF4E","RPL8"
"1103","EIF4E","RPL9P7"
"1104","EIF4E","RPLP0P6"
"1105","EIF4E","RPLP2"
"1106","EIF4E","RPS10-NUDT3"
"1107","EIF4E","RPS11"
"1108","EIF4E","RPS12"
"1109","EIF4E","RPS13"
"1110","EIF4E","RPS14"
"1111","EIF4E","RPS15"
"1112","EIF4E","RPS15A"
"1113","EIF4E","RPS16"
"1114","EIF4E","RPS19"
"1115","EIF4E","RPS2"
"1116","EIF4E","RPS20"
"1117","EIF4E","RPS21"
"1118","EIF4E","RPS23"
"1119","EIF4E","RPS24"
"1120","EIF4E","RPS26"
"1121","EIF4E","RPS27"
"1122","EIF4E","RPS28"
"1123","EIF4E","RPS29"
"1124","EIF4E","RPS3"
"1125","EIF4E","RPS3A"
"1126","EIF4E","RPS4X"
"1127","EIF4E","RPS4Y1"
"1128","EIF4E","RPS5"
"1129","EIF4E","RPS6"
"1130","EIF4E","RPS6KB1"
"1131","EIF4E","RPS7"
"1132","EIF4E","RPS8"
"1133","EIF4E","RPSA"
"1134","EIF4E","RRP1"
"1135","EIF4E","SLBP"
"1136","EIF4E","SNORA67"
"1137","EIF4E","SRA1"
"1138","EIF4E","SRRM1"
"1139","EIF4E","TPR"
"1140","EIF4E","TSC2"
"1141","EIF4E","TXN2"
"1142","EIF4E","UBC"
"1143","EIF4E","UBE2L6"
"1144","EIF4E","UPF1"
"1145","EIF4E","UPF3B"
"1146","EIF4E","VEGFA"
"1147","EIF4E","XRN1"
"1148","ENO1","ACLY"
"1149","ENO1","ALDOA"
"1150","ENO1","ALDOC"
"1151","ENO1","ARNT"
"1152","ENO1","GAPDH"
"1153","ENO1","GPI"
"1154","ENO1","HIF1A"
"1155","ENO1","ISG15"
"1156","ENO1","LDHA"
"1157","ENO1","LDHB"
"1158","ENO1","MAX"
"1159","ENO1","MDH1"
"1160","ENO1","MDH2"
"1161","ENO1","MYC"
"1162","ENO1","PFKL"
"1163","ENO1","PFKP"
"1164","ENO1","PGAM1"
"1165","ENO1","PGK1"
"1166","ENO1","PGM1"
"1167","ENO1","PKM"
"1168","ENO1","PLG"
"1169","ENO1","PPIA"
"1170","ENO1","PYGL"
"1171","ENO1","SLK"
"1172","ENO1","TPI1"
"1173","ENO1","UBC"
"1174","HIF1A","ABCB1"
"1175","HIF1A","ADM"
"1176","HIF1A","AKT1"
"1177","HIF1A","ALDOA"
"1178","HIF1A","ALOX5AP"
"1179","HIF1A","APEX1"
"1180","HIF1A","ARNT"
"1181","HIF1A","ARNTL"
"1182","HIF1A","ARSB"
"1183","HIF1A","ASPH"
"1184","HIF1A","ATM"
"1185","HIF1A","BCL2"
"1186","HIF1A","BHLHE40"
"1187","HIF1A","BHLHE41"
"1188","HIF1A","BIRC5"
"1189","HIF1A","BNIP3"
"1190","HIF1A","CCL4"
"1191","HIF1A","CD164"
"1192","HIF1A","CD2AP"
"1193","HIF1A","CDKN1A"
"1194","HIF1A","CEBPD"
"1195","HIF1A","CHD9"
"1196","HIF1A","CITED2"
"1197","HIF1A","CKLF"
"1198","HIF1A","COPS5"
"1199","HIF1A","CREB1"
"1200","HIF1A","CREBBP"
"1201","HIF1A","CTNNB1"
"1202","HIF1A","CUL2"
"1203","HIF1A","DDIT4"
"1204","HIF1A","EGFR"
"1205","HIF1A","EGLN1"
"1206","HIF1A","EGLN2"
"1207","HIF1A","EGLN3"
"1208","HIF1A","ELAVL1"
"1209","HIF1A","ELOB"
"1210","HIF1A","ELOC"
"1211","HIF1A","ENO1"
"1212","HIF1A","EP300"
"1213","HIF1A","ERLEC1"
"1214","HIF1A","ETS1"
"1215","HIF1A","FECH"
"1216","HIF1A","FURIN"
"1217","HIF1A","GK"
"1218","HIF1A","HDAC1"
"1219","HIF1A","HDAC2"
"1220","HIF1A","HDAC3"
"1221","HIF1A","HDAC4"
"1222","HIF1A","HDAC7"
"1223","HIF1A","HDAC9"
"1224","HIF1A","HELZ2"
"1225","HIF1A","HIF1AN"
"1226","HIF1A","HIPK2"
"1227","HIF1A","HK1"
"1228","HIF1A","HK2"
"1229","HIF1A","HLF"
"1230","HIF1A","HNF4A"
"1231","HIF1A","HSP90AA4P"
"1232","HIF1A","HSP90AB2P"
"1233","HIF1A","HSPA4"
"1234","HIF1A","HSPB1"
"1235","HIF1A","ID1"
"1236","HIF1A","ID2"
"1237","HIF1A","IGF1"
"1238","HIF1A","IKBKB"
"1239","HIF1A","IL1B"
"1240","HIF1A","ITGB2"
"1241","HIF1A","JUN"
"1242","HIF1A","KAT2B"
"1243","HIF1A","LAMP2"
"1244","HIF1A","LAP3"
"1245","HIF1A","LDHA"
"1246","HIF1A","LGALS3"
"1247","HIF1A","MAT2A"
"1248","HIF1A","MCL1"
"1249","HIF1A","MDM2"
"1250","HIF1A","MED1"
"1251","HIF1A","MET"
"1252","HIF1A","MGMT"
"1253","HIF1A","MTA3"
"1254","HIF1A","MTOR"
"1255","HIF1A","MYC"
"1256","HIF1A","NCOA1"
"1257","HIF1A","NCOA2"
"1258","HIF1A","NCOA6"
"1259","HIF1A","NCOR1"
"1260","HIF1A","NDRG1"
"1261","HIF1A","NOTCH1"
"1262","HIF1A","NPM1"
"1263","HIF1A","OS9"
"1264","HIF1A","P4HB"
"1265","HIF1A","PFKFB3"
"1266","HIF1A","PFKL"
"1267","HIF1A","PGM1"
"1268","HIF1A","PKM"
"1269","HIF1A","PLIN2"
"1270","HIF1A","PPARA"
"1271","HIF1A","PRDX1"
"1272","HIF1A","PSMA7"
"1273","HIF1A","PTENP1"
"1274","HIF1A","PTGS2"
"1275","HIF1A","RAC1"
"1276","HIF1A","RACK1"
"1277","HIF1A","RBMS1"
"1278","HIF1A","RBX1"
"1279","HIF1A","RECK"
"1280","HIF1A","RELA"
"1281","HIF1A","RORA"
"1282","HIF1A","RPS6KB1"
"1283","HIF1A","RWDD3"
"1284","HIF1A","SAT2"
"1285","HIF1A","SIRT2"
"1286","HIF1A","SLC2A1"
"1287","HIF1A","SLC2A14"
"1288","HIF1A","SLC2A3"
"1289","HIF1A","SMAD3"
"1290","HIF1A","SMAD4"
"1291","HIF1A","SP1"
"1292","HIF1A","SRA1"
"1293","HIF1A","STAT1"
"1294","HIF1A","STAT3"
"1295","HIF1A","STAT5B"
"1296","HIF1A","SUMO1"
"1297","HIF1A","SUMO3"
"1298","HIF1A","TBL1X"
"1299","HIF1A","TBL1XR1"
"1300","HIF1A","TF"
"1301","HIF1A","TFRC"
"1302","HIF1A","TGS1"
"1303","HIF1A","TP53"
"1304","HIF1A","UBC"
"1305","HIF1A","UBE2A"
"1306","HIF1A","UBE2D1"
"1307","HIF1A","UBE2D3"
"1308","HIF1A","UBXN7"
"1309","HIF1A","USP33"
"1310","HIF1A","VASP"
"1311","HIF1A","VEGFA"
"1312","HIF1A","VHL"
"1313","HIF1A","VMP1"
"1314","HIF1A","XPA"
"1315","HIF1A","XPC"
"1316","HSPA4","ABL1"
"1317","HSPA4","AHSA1"
"1318","HSPA4","AKT1"
"1319","HSPA4","APAF1"
"1320","HSPA4","APOBEC3G"
"1321","HSPA4","BAG1"
"1322","HSPA4","BAG3"
"1323","HSPA4","BAG5"
"1324","HSPA4","CCT4"
"1325","HSPA4","CCT5"
"1326","HSPA4","CD40"
"1327","HSPA4","CDC37L1"
"1328","HSPA4","CDK1"
"1329","HSPA4","CDK5RAP3"
"1330","HSPA4","DNAAF2"
"1331","HSPA4","DNAJA2"
"1332","HSPA4","DNAJA3"
"1333","HSPA4","DNAJA4"
"1334","HSPA4","DNAJB1"
"1335","HSPA4","DNAJB11"
"1336","HSPA4","DNAJB12"
"1337","HSPA4","DNAJB14"
"1338","HSPA4","DNAJB2"
"1339","HSPA4","DNAJB4"
"1340","HSPA4","DNAJB6"
"1341","HSPA4","DNAJB9"
"1342","HSPA4","DNAJC10"
"1343","HSPA4","DNAJC18"
"1344","HSPA4","DNAJC19"
"1345","HSPA4","DNAJC3"
"1346","HSPA4","DNAJC4"
"1347","HSPA4","DNAJC7"
"1348","HSPA4","DUSP12"
"1349","HSPA4","EGFR"
"1350","HSPA4","FOS"
"1351","HSPA4","GRPEL1"
"1352","HSPA4","GRPEL2"
"1353","HSPA4","GSK3B"
"1354","HSPA4","GZMB"
"1355","HSPA4","HIF1A"
"1356","HSPA4","HNRNPD"
"1357","HSPA4","HSCB"
"1358","HSPA4","HSF1"
"1359","HSPA4","HSP90AA4P"
"1360","HSPA4","HSP90AB2P"
"1361","HSPA4","HSPA5"
"1362","HSPA4","HSPA8"
"1363","HSPA4","HSPB1"
"1364","HSPA4","HSPBP1"
"1365","HSPA4","HSPD1"
"1366","HSPA4","HSPE1"
"1367","HSPA4","ICAM1"
"1368","HSPA4","IKBKG"
"1369","HSPA4","IL1B"
"1370","HSPA4","ISCU"
"1371","HSPA4","MAX"
"1372","HSPA4","MCL1"
"1373","HSPA4","MIR3652"
"1374","HSPA4","MKKS"
"1375","HSPA4","MYC"
"1376","HSPA4","NCL"
"1377","HSPA4","NFAT5"
"1378","HSPA4","PARK7"
"1379","HSPA4","PINK1"
"1380","HSPA4","PRNP"
"1381","HSPA4","PTPN11"
"1382","HSPA4","RBMS1"
"1383","HSPA4","RCOR1"
"1384","HSPA4","RPSA"
"1385","HSPA4","RUVBL1"
"1386","HSPA4","SMAD2"
"1387","HSPA4","SMAD3"
"1388","HSPA4","SMG1"
"1389","HSPA4","SOD1"
"1390","HSPA4","ST14"
"1391","HSPA4","STAT1"
"1392","HSPA4","STAT3"
"1393","HSPA4","STIP1"
"1394","HSPA4","STUB1"
"1395","HSPA4","SUGT1"
"1396","HSPA4","TCP1"
"1397","HSPA4","TIMM44"
"1398","HSPA4","TLR7"
"1399","HSPA4","TP53"
"1400","HSPA4","TRAF6"
"1401","HSPA4","TRAP1"
"1402","HSPA4","TTC1"
"1403","HSPA4","UBC"
"1404","HSPA4","UBE3A"
"1405","HSPA4","VCP"
"1406","HSPA4","WDTC1"
"1407","ILF2","ADAR"
"1408","ILF2","DHX9"
"1409","ILF2","EIF4A3"
"1410","ILF2","ILF3"
"1411","ILF2","MAGOH"
"1412","ILF2","PRKDC"
"1413","ILF2","UBC"
"1414","ILF2","XRCC5"
"1415","ILF2","YBX1"
"1416","ILF2","ZFR"
"1417","LSM3","CLNS1A"
"1418","LSM3","CRNKL1"
"1419","LSM3","DCP2"
"1420","LSM3","EDC4"
"1421","LSM3","LSM1"
"1422","LSM3","LSM10"
"1423","LSM3","LSM2"
"1424","LSM3","LSM5"
"1425","LSM3","LSM6"
"1426","LSM3","LSM7"
"1427","LSM3","NAA38"
"1428","LSM3","PATL1"
"1429","LSM3","PRPF3"
"1430","LSM3","PRPF4"
"1431","LSM3","PRPF6"
"1432","LSM3","PRPF8"
"1433","LSM3","SART1"
"1434","LSM3","SART3"
"1435","LSM3","SF3B1"
"1436","LSM3","SNRPB"
"1437","LSM3","SNRPD1"
"1438","LSM3","SNRPD3"
"1439","LSM3","SNRPE"
"1440","LSM3","SNRPG"
"1441","LSM3","SNRPN"
"1442","LSM3","TXNL4A"
"1443","LSM3","XRN1"
"1444","LSM3","YBX1"
"1445","LSM7","CRNKL1"
"1446","LSM7","DCP2"
"1447","LSM7","DDX6"
"1448","LSM7","EDC4"
"1449","LSM7","LSM1"
"1450","LSM7","LSM10"
"1451","LSM7","LSM2"
"1452","LSM7","LSM3"
"1453","LSM7","LSM5"
"1454","LSM7","LSM6"
"1455","LSM7","NAA38"
"1456","LSM7","PATL1"
"1457","LSM7","PRPF3"
"1458","LSM7","PRPF4"
"1459","LSM7","PRPF6"
"1460","LSM7","PRPF8"
"1461","LSM7","SART1"
"1462","LSM7","SART3"
"1463","LSM7","SNRPB"
"1464","LSM7","SNRPD1"
"1465","LSM7","SNRPD2"
"1466","LSM7","SNRPD3"
"1467","LSM7","SNRPF"
"1468","LSM7","SNRPN"
"1469","LSM7","TACC1"
"1470","LSM7","TXNL4A"
"1471","LSM7","TXNL4B"
"1472","LSM7","UBC"
"1473","LSM7","USP4"
"1474","LSM7","WDR44"
"1475","LSM7","XRN1"
"1476","LSM7","ZMAT2"
"1477","NDUFA1","CYC1"
"1478","NDUFA1","CYCS"
"1479","NDUFA1","MT-CYB"
"1480","NDUFA1","MT-ND1"
"1481","NDUFA1","MT-ND2"
"1482","NDUFA1","MT-ND3"
"1483","NDUFA1","MT-ND4"
"1484","NDUFA1","MT-ND4L"
"1485","NDUFA1","MT-ND5"
"1486","NDUFA1","MT-ND6"
"1487","NDUFA1","NDUFA10"
"1488","NDUFA1","NDUFA11"
"1489","NDUFA1","NDUFA12"
"1490","NDUFA1","NDUFA13"
"1491","NDUFA1","NDUFA2"
"1492","NDUFA1","NDUFA4"
"1493","NDUFA1","NDUFA5"
"1494","NDUFA1","NDUFA6"
"1495","NDUFA1","NDUFA7"
"1496","NDUFA1","NDUFA8"
"1497","NDUFA1","NDUFA9"
"1498","NDUFA1","NDUFAB1"
"1499","NDUFA1","NDUFB1"
"1500","NDUFA1","NDUFB10"
"1501","NDUFA1","NDUFB11"
"1502","NDUFA1","NDUFB2"
"1503","NDUFA1","NDUFB3"
"1504","NDUFA1","NDUFB4"
"1505","NDUFA1","NDUFB5"
"1506","NDUFA1","NDUFB6"
"1507","NDUFA1","NDUFB7"
"1508","NDUFA1","NDUFB8"
"1509","NDUFA1","NDUFB9"
"1510","NDUFA1","NDUFC1"
"1511","NDUFA1","NDUFC2-KCTD14"
"1512","NDUFA1","NDUFS1"
"1513","NDUFA1","NDUFS2"
"1514","NDUFA1","NDUFS3"
"1515","NDUFA1","NDUFS4"
"1516","NDUFA1","NDUFS5"
"1517","NDUFA1","NDUFS6"
"1518","NDUFA1","NDUFS7"
"1519","NDUFA1","NDUFS8"
"1520","NDUFA1","NDUFV1"
"1521","NDUFA1","NDUFV2"
"1522","NDUFA1","NDUFV3"
"1523","NDUFA1","UQCR10"
"1524","NDUFA1","UQCRB"
"1525","NDUFA1","UQCRC1"
"1526","NDUFA1","UQCRC2"
"1527","NDUFA1","UQCRFS1P1"
"1528","NDUFA1","UQCRHL"
"1529","NDUFA1","UQCRQ"
"1530","NDUFB9","COX6A1"
"1531","NDUFB9","COX6A1P2"
"1532","NDUFB9","COX6C"
"1533","NDUFB9","CYC1"
"1534","NDUFB9","CYCS"
"1535","NDUFB9","CYTH1"
"1536","NDUFB9","MT-CYB"
"1537","NDUFB9","MT-ND1"
"1538","NDUFB9","MT-ND2"
"1539","NDUFB9","MT-ND3"
"1540","NDUFB9","MT-ND4"
"1541","NDUFB9","MT-ND4L"
"1542","NDUFB9","MT-ND5"
"1543","NDUFB9","MT-ND6"
"1544","NDUFB9","NDUFA1"
"1545","NDUFB9","NDUFA10"
"1546","NDUFB9","NDUFA11"
"1547","NDUFB9","NDUFA12"
"1548","NDUFB9","NDUFA13"
"1549","NDUFB9","NDUFA2"
"1550","NDUFB9","NDUFA4"
"1551","NDUFB9","NDUFA5"
"1552","NDUFB9","NDUFA6"
"1553","NDUFB9","NDUFA7"
"1554","NDUFB9","NDUFA8"
"1555","NDUFB9","NDUFA9"
"1556","NDUFB9","NDUFAB1"
"1557","NDUFB9","NDUFB1"
"1558","NDUFB9","NDUFB10"
"1559","NDUFB9","NDUFB11"
"1560","NDUFB9","NDUFB2"
"1561","NDUFB9","NDUFB3"
"1562","NDUFB9","NDUFB4"
"1563","NDUFB9","NDUFB5"
"1564","NDUFB9","NDUFB6"
"1565","NDUFB9","NDUFB7"
"1566","NDUFB9","NDUFB8"
"1567","NDUFB9","NDUFC1"
"1568","NDUFB9","NDUFC2-KCTD14"
"1569","NDUFB9","NDUFS1"
"1570","NDUFB9","NDUFS2"
"1571","NDUFB9","NDUFS3"
"1572","NDUFB9","NDUFS4"
"1573","NDUFB9","NDUFS5"
"1574","NDUFB9","NDUFS6"
"1575","NDUFB9","NDUFS7"
"1576","NDUFB9","NDUFS8"
"1577","NDUFB9","NDUFV1"
"1578","NDUFB9","NDUFV2"
"1579","NDUFB9","NDUFV3"
"1580","NDUFB9","SDHB"
"1581","NDUFB9","STX4"
"1582","NDUFB9","UQCR10"
"1583","NDUFB9","UQCRB"
"1584","NDUFB9","UQCRC1"
"1585","NDUFB9","UQCRC2"
"1586","NDUFB9","UQCRFS1P1"
"1587","NDUFB9","UQCRHL"
"1588","NDUFB9","UQCRQ"
"1589","NDUFS6","COX15"
"1590","NDUFS6","COX6A1"
"1591","NDUFS6","COX6A1P2"
"1592","NDUFS6","CYC1"
"1593","NDUFS6","CYCS"
"1594","NDUFS6","MT-CYB"
"1595","NDUFS6","MT-ND1"
"1596","NDUFS6","MT-ND2"
"1597","NDUFS6","MT-ND3"
"1598","NDUFS6","MT-ND4"
"1599","NDUFS6","MT-ND4L"
"1600","NDUFS6","MT-ND5"
"1601","NDUFS6","MT-ND6"
"1602","NDUFS6","NDUFA1"
"1603","NDUFS6","NDUFA10"
"1604","NDUFS6","NDUFA11"
"1605","NDUFS6","NDUFA12"
"1606","NDUFS6","NDUFA13"
"1607","NDUFS6","NDUFA2"
"1608","NDUFS6","NDUFA4"
"1609","NDUFS6","NDUFA5"
"1610","NDUFS6","NDUFA6"
"1611","NDUFS6","NDUFA7"
"1612","NDUFS6","NDUFA8"
"1613","NDUFS6","NDUFA9"
"1614","NDUFS6","NDUFAB1"
"1615","NDUFS6","NDUFB1"
"1616","NDUFS6","NDUFB10"
"1617","NDUFS6","NDUFB11"
"1618","NDUFS6","NDUFB2"
"1619","NDUFS6","NDUFB3"
"1620","NDUFS6","NDUFB4"
"1621","NDUFS6","NDUFB5"
"1622","NDUFS6","NDUFB6"
"1623","NDUFS6","NDUFB7"
"1624","NDUFS6","NDUFB8"
"1625","NDUFS6","NDUFB9"
"1626","NDUFS6","NDUFC1"
"1627","NDUFS6","NDUFC2-KCTD14"
"1628","NDUFS6","NDUFS1"
"1629","NDUFS6","NDUFS2"
"1630","NDUFS6","NDUFS3"
"1631","NDUFS6","NDUFS4"
"1632","NDUFS6","NDUFS5"
"1633","NDUFS6","NDUFS7"
"1634","NDUFS6","NDUFS8"
"1635","NDUFS6","NDUFV1"
"1636","NDUFS6","NDUFV2"
"1637","NDUFS6","NDUFV3"
"1638","NDUFS6","RALA"
"1639","NDUFS6","UQCR10"
"1640","NDUFS6","UQCRB"
"1641","NDUFS6","UQCRC1"
"1642","NDUFS6","UQCRC2"
"1643","NDUFS6","UQCRFS1P1"
"1644","NDUFS6","UQCRHL"
"1645","NDUFS6","UQCRQ"
"1646","NHP2","BRIX1"
"1647","NHP2","DIMT1"
"1648","NHP2","DKC1"
"1649","NHP2","EBNA1BP2"
"1650","NHP2","FBL"
"1651","NHP2","FTSJ3"
"1652","NHP2","GRWD1"
"1653","NHP2","IMP3"
"1654","NHP2","IMP4"
"1655","NHP2","KRR1"
"1656","NHP2","LARP7"
"1657","NHP2","LYAR"
"1658","NHP2","MRTO4"
"1659","NHP2","NAF1"
"1660","NHP2","NIFK"
"1661","NHP2","NIP7"
"1662","NHP2","NOP10"
"1663","NHP2","NOP16"
"1664","NHP2","NOP56"
"1665","NHP2","NOP58"
"1666","NHP2","NSA2"
"1667","NHP2","PDCD11"
"1668","NHP2","PNO1"
"1669","NHP2","POLR1D"
"1670","NHP2","POLR2E"
"1671","NHP2","POLR2F"
"1672","NHP2","RBM28"
"1673","NHP2","RPA2"
"1674","NHP2","RPF1"
"1675","NHP2","RPF2"
"1676","NHP2","RPL15"
"1677","NHP2","RPL18"
"1678","NHP2","RPL19"
"1679","NHP2","RPL21"
"1680","NHP2","RPL24"
"1681","NHP2","RPL30"
"1682","NHP2","RPL32"
"1683","NHP2","RPL5"
"1684","NHP2","RPL7"
"1685","NHP2","RPL7L1"
"1686","NHP2","RPP38"
"1687","NHP2","RPS12"
"1688","NHP2","RPS13"
"1689","NHP2","RPS19"
"1690","NHP2","RPS2"
"1691","NHP2","RPS23"
"1692","NHP2","RPS28"
"1693","NHP2","RPS3"
"1694","NHP2","RPS3A"
"1695","NHP2","RPS6"
"1696","NHP2","RRS1"
"1697","NHP2","RSL24D1"
"1698","NHP2","SHQ1"
"1699","NHP2","SNU13"
"1700","NHP2","SSB"
"1701","NHP2","TFB2M"
"1702","NHP2","TRUB1"
"1703","NHP2","TWISTNB"
"1704","NHP2","UBC"
"1705","NHP2","WDR12"
"1706","NHP2","ZNRD1"
"1707","POLR2G","ADCY3"
"1708","POLR2G","ADCY7"
"1709","POLR2G","AK6"
"1710","POLR2G","ALYREF"
"1711","POLR2G","CCAR1"
"1712","POLR2G","CCNH"
"1713","POLR2G","CCNT1"
"1714","POLR2G","CCNT2"
"1715","POLR2G","CD2BP2"
"1716","POLR2G","CDC40"
"1717","POLR2G","CDK9"
"1718","POLR2G","CLP1"
"1719","POLR2G","CPSF2"
"1720","POLR2G","CPSF3"
"1721","POLR2G","CPSF7"
"1722","POLR2G","CSTF1"
"1723","POLR2G","CSTF2"
"1724","POLR2G","CSTF3"
"1725","POLR2G","CTDP1"
"1726","POLR2G","CTPS1"
"1727","POLR2G","CTPS2"
"1728","POLR2G","DDX23"
"1729","POLR2G","DGCR8"
"1730","POLR2G","DHX38"
"1731","POLR2G","DHX9"
"1732","POLR2G","DNAJC8"
"1733","POLR2G","EFTUD2"
"1734","POLR2G","ELL"
"1735","POLR2G","ELOA"
"1736","POLR2G","ELOB"
"1737","POLR2G","ELOC"
"1738","POLR2G","ENTPD1"
"1739","POLR2G","ERCC1"
"1740","POLR2G","ERCC3"
"1741","POLR2G","ERCC5"
"1742","POLR2G","ERCC6"
"1743","POLR2G","FLI1"
"1744","POLR2G","FUS"
"1745","POLR2G","GCH1"
"1746","POLR2G","GTF2A1"
"1747","POLR2G","GTF2A2"
"1748","POLR2G","GTF2B"
"1749","POLR2G","GTF2E1"
"1750","POLR2G","GTF2E2"
"1751","POLR2G","GTF2F1"
"1752","POLR2G","GTF2F2"
"1753","POLR2G","GTF2H1"
"1754","POLR2G","GTF2H3"
"1755","POLR2G","HNRNPA0"
"1756","POLR2G","HNRNPA1"
"1757","POLR2G","HNRNPA2B1"
"1758","POLR2G","HNRNPA3"
"1759","POLR2G","HNRNPC"
"1760","POLR2G","HNRNPD"
"1761","POLR2G","HNRNPF"
"1762","POLR2G","HNRNPH1"
"1763","POLR2G","HNRNPK"
"1764","POLR2G","HNRNPL"
"1765","POLR2G","HNRNPM"
"1766","POLR2G","HNRNPR"
"1767","POLR2G","HNRNPU"
"1768","POLR2G","HNRNPUL1"
"1769","POLR2G","INTS5"
"1770","POLR2G","INTS6"
"1771","POLR2G","ITPA"
"1772","POLR2G","MAGOH"
"1773","POLR2G","MED10"
"1774","POLR2G","METTL3"
"1775","POLR2G","MNAT1"
"1776","POLR2G","NCBP1"
"1777","POLR2G","NCBP2"
"1778","POLR2G","NELFA"
"1779","POLR2G","NELFCD"
"1780","POLR2G","NFX1"
"1781","POLR2G","NME1"
"1782","POLR2G","NME2"
"1783","POLR2G","NME2P1"
"1784","POLR2G","NME3"
"1785","POLR2G","NME4"
"1786","POLR2G","NME7"
"1787","POLR2G","NTPCR"
"1788","POLR2G","NUDT2"
"1789","POLR2G","NUDT21"
"1790","POLR2G","PABPN1"
"1791","POLR2G","PAPOLA"
"1792","POLR2G","PATL1"
"1793","POLR2G","PCBP1"
"1794","POLR2G","PCBP2"
"1795","POLR2G","PCF11"
"1796","POLR2G","PHF5A"
"1797","POLR2G","PKM"
"1798","POLR2G","PNPT1"
"1799","POLR2G","POLR1D"
"1800","POLR2G","POLR1E"
"1801","POLR2G","POLR2A"
"1802","POLR2G","POLR2B"
"1803","POLR2G","POLR2C"
"1804","POLR2G","POLR2E"
"1805","POLR2G","POLR2F"
"1806","POLR2G","POLR2H"
"1807","POLR2G","POLR2I"
"1808","POLR2G","POLR2J"
"1809","POLR2G","POLR2J2"
"1810","POLR2G","POLR2J3"
"1811","POLR2G","POLR2K"
"1812","POLR2G","POLR2L"
"1813","POLR2G","POLR3A"
"1814","POLR2G","POLR3F"
"1815","POLR2G","PRPF4"
"1816","POLR2G","PRPF6"
"1817","POLR2G","PRPF8"
"1818","POLR2G","PTBP1"
"1819","POLR2G","RAD1"
"1820","POLR2G","RBM5"
"1821","POLR2G","RBMX"
"1822","POLR2G","RBP4"
"1823","POLR2G","RNGTT"
"1824","POLR2G","RNMT"
"1825","POLR2G","RNPS1"
"1826","POLR2G","RPAP2"
"1827","POLR2G","SETD2"
"1828","POLR2G","SF3A1"
"1829","POLR2G","SF3A3"
"1830","POLR2G","SF3B1"
"1831","POLR2G","SF3B3"
"1832","POLR2G","SF3B5"
"1833","POLR2G","SLC7A6OS"
"1834","POLR2G","SNRNP200"
"1835","POLR2G","SNRNP40"
"1836","POLR2G","SNRNP70"
"1837","POLR2G","SNRPA"
"1838","POLR2G","SNRPA1"
"1839","POLR2G","SNRPB"
"1840","POLR2G","SNRPB2"
"1841","POLR2G","SNRPD1"
"1842","POLR2G","SNRPD2"
"1843","POLR2G","SNRPD3"
"1844","POLR2G","SNRPE"
"1845","POLR2G","SNRPF"
"1846","POLR2G","SNRPG"
"1847","POLR2G","SNU13"
"1848","POLR2G","SRRM1"
"1849","POLR2G","SRSF1"
"1850","POLR2G","SRSF11"
"1851","POLR2G","SRSF2"
"1852","POLR2G","SRSF3"
"1853","POLR2G","SRSF4"
"1854","POLR2G","SRSF5"
"1855","POLR2G","SRSF6"
"1856","POLR2G","SRSF7"
"1857","POLR2G","SRSF9"
"1858","POLR2G","SSRP1"
"1859","POLR2G","SUGP1"
"1860","POLR2G","SUPT16H"
"1861","POLR2G","SUPT4H1"
"1862","POLR2G","SUPT5H"
"1863","POLR2G","TAF1"
"1864","POLR2G","TAF10"
"1865","POLR2G","TAF11"
"1866","POLR2G","TAF12"
"1867","POLR2G","TAF13"
"1868","POLR2G","TAF4B"
"1869","POLR2G","TAF5"
"1870","POLR2G","TBP"
"1871","POLR2G","TCEA1"
"1872","POLR2G","TCEA2"
"1873","POLR2G","TXNL4A"
"1874","POLR2G","U2AF1L4"
"1875","POLR2G","U2AF2"
"1876","POLR2G","UBC"
"1877","POLR2G","UBXN7"
"1878","POLR2G","UPF3B"
"1879","POLR2G","URI1"
"1880","POLR2G","YBX1"
"1881","PSMA2","ADRM1"
"1882","PSMA2","CNOT4"
"1883","PSMA2","KLHL8"
"1884","PSMA2","NSF"
"1885","PSMA2","POMP"
"1886","PSMA2","PSMA1"
"1887","PSMA2","PSMA3"
"1888","PSMA2","PSMA4"
"1889","PSMA2","PSMA5"
"1890","PSMA2","PSMA6"
"1891","PSMA2","PSMA7"
"1892","PSMA2","PSMB1"
"1893","PSMA2","PSMB10"
"1894","PSMA2","PSMB2"
"1895","PSMA2","PSMB3"
"1896","PSMA2","PSMB4"
"1897","PSMA2","PSMB5"
"1898","PSMA2","PSMB6"
"1899","PSMA2","PSMB7"
"1900","PSMA2","PSMB8"
"1901","PSMA2","PSMB9"
"1902","PSMA2","PSMC1"
"1903","PSMA2","PSMC2"
"1904","PSMA2","PSMC3"
"1905","PSMA2","PSMC4"
"1906","PSMA2","PSMC5"
"1907","PSMA2","PSMC6"
"1908","PSMA2","PSMD11"
"1909","PSMA2","PSMD12"
"1910","PSMA2","PSMD13"
"1911","PSMA2","PSMD14"
"1912","PSMA2","PSMD3"
"1913","PSMA2","PSMD4"
"1914","PSMA2","PSMD5"
"1915","PSMA2","PSMD6"
"1916","PSMA2","PSMD7"
"1917","PSMA2","PSMD8"
"1918","PSMA2","PSME2"
"1919","PSMA2","PSME4"
"1920","PSMA2","PSMF1"
"1921","PSMA2","RPN1"
"1922","PSMA2","RPN2"
"1923","PSMA2","SEM1"
"1924","PSMA2","THUMPD1"
"1925","PSMA2","UBC"
"1926","PSMA2","UCHL5"
"1927","PSMA2","VCP"
"1928","PSMB6","ANAPC1"
"1929","PSMB6","ANAPC10"
"1930","PSMB6","ANAPC11"
"1931","PSMB6","ANAPC4"
"1932","PSMB6","ANAPC5"
"1933","PSMB6","AURKA"
"1934","PSMB6","AURKB"
"1935","PSMB6","AXIN1"
"1936","PSMB6","BLMH"
"1937","PSMB6","BTRC"
"1938","PSMB6","BUB3"
"1939","PSMB6","CCND1"
"1940","PSMB6","CDC16"
"1941","PSMB6","CDC20"
"1942","PSMB6","CDC23"
"1943","PSMB6","CDC26"
"1944","PSMB6","CDC27"
"1945","PSMB6","CDK1"
"1946","PSMB6","CDK2"
"1947","PSMB6","CDKN1A"
"1948","PSMB6","CDKN1B"
"1949","PSMB6","COP1"
"1950","PSMB6","CUL1"
"1951","PSMB6","CUL3"
"1952","PSMB6","DVL2"
"1953","PSMB6","DVL3"
"1954","PSMB6","EIF4G1"
"1955","PSMB6","FZR1"
"1956","PSMB6","GEM"
"1957","PSMB6","HSPA8"
"1958","PSMB6","HSPB1"
"1959","PSMB6","KLHL12"
"1960","PSMB6","LNPEP"
"1961","PSMB6","MAD2L1"
"1962","PSMB6","NPEPPS"
"1963","PSMB6","OAZ1"
"1964","PSMB6","OAZ2"
"1965","PSMB6","ODC1"
"1966","PSMB6","PAK2"
"1967","PSMB6","PARD6A"
"1968","PSMB6","POMP"
"1969","PSMB6","PSMA1"
"1970","PSMB6","PSMA2"
"1971","PSMB6","PSMA3"
"1972","PSMB6","PSMA4"
"1973","PSMB6","PSMA5"
"1974","PSMB6","PSMA6"
"1975","PSMB6","PSMA7"
"1976","PSMB6","PSMB1"
"1977","PSMB6","PSMB10"
"1978","PSMB6","PSMB2"
"1979","PSMB6","PSMB3"
"1980","PSMB6","PSMB4"
"1981","PSMB6","PSMB5"
"1982","PSMB6","PSMB7"
"1983","PSMB6","PSMB8"
"1984","PSMB6","PSMC1"
"1985","PSMB6","PSMC2"
"1986","PSMB6","PSMC3"
"1987","PSMB6","PSMC4"
"1988","PSMB6","PSMC5"
"1989","PSMB6","PSMC6"
"1990","PSMB6","PSMD10"
"1991","PSMB6","PSMD11"
"1992","PSMB6","PSMD12"
"1993","PSMB6","PSMD13"
"1994","PSMB6","PSMD14"
"1995","PSMB6","PSMD3"
"1996","PSMB6","PSMD4"
"1997","PSMB6","PSMD5"
"1998","PSMB6","PSMD6"
"1999","PSMB6","PSMD7"
"2000","PSMB6","PSMD8"
"2001","PSMB6","PSMD9"
"2002","PSMB6","PSME1"
"2003","PSMB6","PSME2"
"2004","PSMB6","PSME3"
"2005","PSMB6","PSME4"
"2006","PSMB6","PSMF1"
"2007","PSMB6","PTTG1"
"2008","PSMB6","RBX1"
"2009","PSMB6","RLIM"
"2010","PSMB6","RPN1"
"2011","PSMB6","RPN2"
"2012","PSMB6","SEC61A1"
"2013","PSMB6","SEC61A2"
"2014","PSMB6","SEC61B"
"2015","PSMB6","SEC61G"
"2016","PSMB6","SKP1"
"2017","PSMB6","SKP2"
"2018","PSMB6","SMURF1"
"2019","PSMB6","TNKS"
"2020","PSMB6","TNKS2"
"2021","PSMB6","TPP2"
"2022","PSMB6","UBC"
"2023","PSMB6","UBE2C"
"2024","PSMB6","UBE2D1"
"2025","PSMB6","UBE2E1"
"2026","PSMB6","UCHL5"
"2027","PSMB6","UQCRC2"
"2028","PSMB6","ZCCHC8"
"2029","PSMD8","ADRM1"
"2030","PSMD8","ANAPC1"
"2031","PSMD8","ANAPC10"
"2032","PSMD8","ANAPC11"
"2033","PSMD8","ANAPC4"
"2034","PSMD8","ANAPC5"
"2035","PSMD8","ANKRD42"
"2036","PSMD8","AURKA"
"2037","PSMD8","AURKB"
"2038","PSMD8","AXIN1"
"2039","PSMD8","BAP1"
"2040","PSMD8","BLMH"
"2041","PSMD8","BRCC3"
"2042","PSMD8","BTRC"
"2043","PSMD8","BUB3"
"2044","PSMD8","CCND1"
"2045","PSMD8","CDC16"
"2046","PSMD8","CDC20"
"2047","PSMD8","CDC23"
"2048","PSMD8","CDC26"
"2049","PSMD8","CDC27"
"2050","PSMD8","CDK1"
"2051","PSMD8","CDK2"
"2052","PSMD8","CDKN1A"
"2053","PSMD8","CDKN1B"
"2054","PSMD8","COP1"
"2055","PSMD8","CUL1"
"2056","PSMD8","CUL3"
"2057","PSMD8","DVL2"
"2058","PSMD8","DVL3"
"2059","PSMD8","EIF4G1"
"2060","PSMD8","FZR1"
"2061","PSMD8","GEM"
"2062","PSMD8","HSPA8"
"2063","PSMD8","HSPB1"
"2064","PSMD8","KLHL12"
"2065","PSMD8","LNPEP"
"2066","PSMD8","MAD2L1"
"2067","PSMD8","MYSM1"
"2068","PSMD8","NINJ1"
"2069","PSMD8","NOB1"
"2070","PSMD8","NPEPPS"
"2071","PSMD8","NSF"
"2072","PSMD8","OAZ1"
"2073","PSMD8","OAZ2"
"2074","PSMD8","ODC1"
"2075","PSMD8","PAAF1"
"2076","PSMD8","PAK2"
"2077","PSMD8","PARD6A"
"2078","PSMD8","PSMA1"
"2079","PSMD8","PSMA2"
"2080","PSMD8","PSMA3"
"2081","PSMD8","PSMA4"
"2082","PSMD8","PSMA5"
"2083","PSMD8","PSMA6"
"2084","PSMD8","PSMA7"
"2085","PSMD8","PSMB1"
"2086","PSMD8","PSMB10"
"2087","PSMD8","PSMB2"
"2088","PSMD8","PSMB3"
"2089","PSMD8","PSMB4"
"2090","PSMD8","PSMB5"
"2091","PSMD8","PSMB6"
"2092","PSMD8","PSMB7"
"2093","PSMD8","PSMB8"
"2094","PSMD8","PSMB9"
"2095","PSMD8","PSMC1"
"2096","PSMD8","PSMC2"
"2097","PSMD8","PSMC3"
"2098","PSMD8","PSMC4"
"2099","PSMD8","PSMC5"
"2100","PSMD8","PSMC6"
"2101","PSMD8","PSMD10"
"2102","PSMD8","PSMD11"
"2103","PSMD8","PSMD12"
"2104","PSMD8","PSMD13"
"2105","PSMD8","PSMD14"
"2106","PSMD8","PSMD3"
"2107","PSMD8","PSMD4"
"2108","PSMD8","PSMD5"
"2109","PSMD8","PSMD6"
"2110","PSMD8","PSMD7"
"2111","PSMD8","PSMD9"
"2112","PSMD8","PSME1"
"2113","PSMD8","PSME2"
"2114","PSMD8","PSME3"
"2115","PSMD8","PSME4"
"2116","PSMD8","PSMF1"
"2117","PSMD8","PTTG1"
"2118","PSMD8","RAD23A"
"2119","PSMD8","RAD23B"
"2120","PSMD8","RBX1"
"2121","PSMD8","RLIM"
"2122","PSMD8","RPLP2"
"2123","PSMD8","RPN1"
"2124","PSMD8","RPN2"
"2125","PSMD8","SEC61A1"
"2126","PSMD8","SEC61A2"
"2127","PSMD8","SEC61B"
"2128","PSMD8","SEC61G"
"2129","PSMD8","SEM1"
"2130","PSMD8","SKP1"
"2131","PSMD8","SKP2"
"2132","PSMD8","SMURF1"
"2133","PSMD8","TNKS"
"2134","PSMD8","TNKS2"
"2135","PSMD8","TPP2"
"2136","PSMD8","TUBG1"
"2137","PSMD8","UBC"
"2138","PSMD8","UBE2C"
"2139","PSMD8","UBE2D1"
"2140","PSMD8","UBE2E1"
"2141","PSMD8","UBLCP1"
"2142","PSMD8","UCHL5"
"2143","PSMD8","USP14"
"2144","RAB7A","ACTR1A"
"2145","RAB7A","ACTR1B"
"2146","RAB7A","AKT1"
"2147","RAB7A","CHM"
"2148","RAB7A","CTNNB1"
"2149","RAB7A","CXCL8"
"2150","RAB7A","DCTN1"
"2151","RAB7A","DCTN2"
"2152","RAB7A","DCTN3"
"2153","RAB7A","DCTN4"
"2154","RAB7A","DCTN5"
"2155","RAB7A","DCTN6"
"2156","RAB7A","DNM2"
"2157","RAB7A","DYNC1H1"
"2158","RAB7A","DYNC1I2"
"2159","RAB7A","DYNC1LI1"
"2160","RAB7A","DYNC1LI2"
"2161","RAB7A","DYNLL1"
"2162","RAB7A","DYNLL2"
"2163","RAB7A","EEA1"
"2164","RAB7A","FOXO1"
"2165","RAB7A","GABARAPL1"
"2166","RAB7A","GDI1"
"2167","RAB7A","GDI2"
"2168","RAB7A","HGS"
"2169","RAB7A","HLA-DRB1"
"2170","RAB7A","HLA-DRB5"
"2171","RAB7A","LAMP1"
"2172","RAB7A","MAPK14"
"2173","RAB7A","MFN2"
"2174","RAB7A","MON1A"
"2175","RAB7A","MON1B"
"2176","RAB7A","PIK3R4"
"2177","RAB7A","PLEKHM1"
"2178","RAB7A","PSMA7"
"2179","RAB7A","RAB11A"
"2180","RAB7A","RAB11B"
"2181","RAB7A","RAB1A"
"2182","RAB7A","RAB5A"
"2183","RAB7A","RAB8A"
"2184","RAB7A","RABAC1"
"2185","RAB7A","RUFY3"
"2186","RAB7A","TBC1D15"
"2187","RAB7A","TBC1D22A"
"2188","RAB7A","TBC1D22B"
"2189","RAB7A","TIFA"
"2190","RAB7A","TRAP1"
"2191","RAB7A","TUBA1B"
"2192","RAB7A","TUBA1C"
"2193","RAB7A","TUBA4A"
"2194","RAB7A","TUBB2A"
"2195","RAB7A","TUBB4A"
"2196","RAB7A","TUBB4B"
"2197","RAB7A","TUBB6"
"2198","RAB7A","UBC"
"2199","RAB7A","VAMP7"
"2200","RAB7A","VPS16"
"2201","RAB7A","VPS26A"
"2202","RAB7A","VPS26B"
"2203","RAB7A","VPS33A"
"2204","RAB7A","VPS39"
"2205","RAB7A","VPS41"
"2206","RPL10A","CASC3"
"2207","RPL10A","EEF1A1P5"
"2208","RPL10A","EEF1B2"
"2209","RPL10A","EEF2"
"2210","RPL10A","EFL1"
"2211","RPL10A","EFTUD2"
"2212","RPL10A","EIF1AX"
"2213","RPL10A","EIF2S1"
"2214","RPL10A","EIF2S2"
"2215","RPL10A","EIF2S3"
"2216","RPL10A","EIF3A"
"2217","RPL10A","EIF3B"
"2218","RPL10A","EIF3C"
"2219","RPL10A","EIF3D"
"2220","RPL10A","EIF3E"
"2221","RPL10A","EIF3F"
"2222","RPL10A","EIF3G"
"2223","RPL10A","EIF3H"
"2224","RPL10A","EIF3I"
"2225","RPL10A","EIF3J"
"2226","RPL10A","EIF3K"
"2227","RPL10A","EIF4A2"
"2228","RPL10A","EIF4A3"
"2229","RPL10A","EIF4B"
"2230","RPL10A","EIF4E"
"2231","RPL10A","EIF4G1"
"2232","RPL10A","EIF5"
"2233","RPL10A","EIF5B"
"2234","RPL10A","ETF1"
"2235","RPL10A","FAU"
"2236","RPL10A","GFM1"
"2237","RPL10A","GFM2"
"2238","RPL10A","IMP3"
"2239","RPL10A","MAGOH"
"2240","RPL10A","MRPL11"
"2241","RPL10A","MRPL12"
"2242","RPL10A","MRPL15"
"2243","RPL10A","MRPL16"
"2244","RPL10A","MRPL17"
"2245","RPL10A","MRPL19"
"2246","RPL10A","MRPL2"
"2247","RPL10A","MRPL20"
"2248","RPL10A","MRPL22"
"2249","RPL10A","MRPL24"
"2250","RPL10A","MRPL27"
"2251","RPL10A","MRPL3"
"2252","RPL10A","MRPL32"
"2253","RPL10A","MRPL33"
"2254","RPL10A","MRPL4"
"2255","RPL10A","MRPS10"
"2256","RPL10A","MRPS11"
"2257","RPL10A","MRPS14"
"2258","RPL10A","MRPS15"
"2259","RPL10A","MRPS16"
"2260","RPL10A","MRPS18A"
"2261","RPL10A","MRPS18C"
"2262","RPL10A","MRPS2"
"2263","RPL10A","MRPS5"
"2264","RPL10A","MRPS6"
"2265","RPL10A","MRPS7"
"2266","RPL10A","MRPS9"
"2267","RPL10A","MRTO4"
"2268","RPL10A","NAP1L1"
"2269","RPL10A","NCBP1"
"2270","RPL10A","NCBP2"
"2271","RPL10A","PLEC"
"2272","RPL10A","POLR1E"
"2273","RPL10A","POLR2B"
"2274","RPL10A","POLR2C"
"2275","RPL10A","PPP2CB"
"2276","RPL10A","PPP2R1A"
"2277","RPL10A","PPP2R2D"
"2278","RPL10A","RACK1"
"2279","RPL10A","RLIM"
"2280","RPL10A","RNPS1"
"2281","RPL10A","RPA2"
"2282","RPL10A","RPL10"
"2283","RPL10A","RPL11"
"2284","RPL10A","RPL12"
"2285","RPL10A","RPL13"
"2286","RPL10A","RPL13A"
"2287","RPL10A","RPL14"
"2288","RPL10A","RPL15"
"2289","RPL10A","RPL17"
"2290","RPL10A","RPL17-C18orf32"
"2291","RPL10A","RPL18"
"2292","RPL10A","RPL18A"
"2293","RPL10A","RPL19"
"2294","RPL10A","RPL21"
"2295","RPL10A","RPL22"
"2296","RPL10A","RPL22L1"
"2297","RPL10A","RPL23"
"2298","RPL10A","RPL23A"
"2299","RPL10A","RPL24"
"2300","RPL10A","RPL26"
"2301","RPL10A","RPL26L1"
"2302","RPL10A","RPL27"
"2303","RPL10A","RPL27A"
"2304","RPL10A","RPL28"
"2305","RPL10A","RPL29"
"2306","RPL10A","RPL3"
"2307","RPL10A","RPL30"
"2308","RPL10A","RPL31"
"2309","RPL10A","RPL32"
"2310","RPL10A","RPL34"
"2311","RPL10A","RPL35"
"2312","RPL10A","RPL35A"
"2313","RPL10A","RPL36"
"2314","RPL10A","RPL36A"
"2315","RPL10A","RPL36AL"
"2316","RPL10A","RPL37"
"2317","RPL10A","RPL37A"
"2318","RPL10A","RPL38"
"2319","RPL10A","RPL39"
"2320","RPL10A","RPL39L"
"2321","RPL10A","RPL4"
"2322","RPL10A","RPL41"
"2323","RPL10A","RPL5"
"2324","RPL10A","RPL6"
"2325","RPL10A","RPL7"
"2326","RPL10A","RPL7A"
"2327","RPL10A","RPL7L1"
"2328","RPL10A","RPL8"
"2329","RPL10A","RPL9P7"
"2330","RPL10A","RPLP0P6"
"2331","RPL10A","RPLP2"
"2332","RPL10A","RPN1"
"2333","RPL10A","RPN2"
"2334","RPL10A","RPS10-NUDT3"
"2335","RPL10A","RPS11"
"2336","RPL10A","RPS12"
"2337","RPL10A","RPS13"
"2338","RPL10A","RPS14"
"2339","RPL10A","RPS15"
"2340","RPL10A","RPS15A"
"2341","RPL10A","RPS16"
"2342","RPL10A","RPS17"
"2343","RPL10A","RPS18"
"2344","RPL10A","RPS19"
"2345","RPL10A","RPS2"
"2346","RPL10A","RPS20"
"2347","RPL10A","RPS21"
"2348","RPL10A","RPS23"
"2349","RPL10A","RPS24"
"2350","RPL10A","RPS25"
"2351","RPL10A","RPS26"
"2352","RPL10A","RPS27"
"2353","RPL10A","RPS27L"
"2354","RPL10A","RPS28"
"2355","RPL10A","RPS29"
"2356","RPL10A","RPS3"
"2357","RPL10A","RPS3A"
"2358","RPL10A","RPS4X"
"2359","RPL10A","RPS4Y1"
"2360","RPL10A","RPS5"
"2361","RPL10A","RPS6"
"2362","RPL10A","RPS7"
"2363","RPL10A","RPS8"
"2364","RPL10A","RPS9"
"2365","RPL10A","RPSA"
"2366","RPL10A","RPSAP58"
"2367","RPL10A","RRP1"
"2368","RPL10A","RSL24D1"
"2369","RPL10A","RSRC1"
"2370","RPL10A","SEC11A"
"2371","RPL10A","SEC11C"
"2372","RPL10A","SEC61A1"
"2373","RPL10A","SEC61A2"
"2374","RPL10A","SEC61B"
"2375","RPL10A","SEC61G"
"2376","RPL10A","SLC25A5"
"2377","RPL10A","SMG1"
"2378","RPL10A","SMG5"
"2379","RPL10A","SMG6"
"2380","RPL10A","SMG7"
"2381","RPL10A","SMG8"
"2382","RPL10A","SMG9"
"2383","RPL10A","SNORA67"
"2384","RPL10A","SPCS1"
"2385","RPL10A","SPCS2"
"2386","RPL10A","SPCS3"
"2387","RPL10A","SRP14"
"2388","RPL10A","SRP19"
"2389","RPL10A","SRP54"
"2390","RPL10A","SRP68"
"2391","RPL10A","SRP72"
"2392","RPL10A","SRP9"
"2393","RPL10A","SRPRB"
"2394","RPL10A","SSR1"
"2395","RPL10A","SSR2"
"2396","RPL10A","SSR3"
"2397","RPL10A","TRAM1"
"2398","RPL10A","TUFM"
"2399","RPL10A","UBC"
"2400","RPL10A","UPF1"
"2401","RPL10A","UPF2"
"2402","RPL10A","UPF3A"
"2403","RPL10A","UPF3B"
"2404","RPL10A","WBP1"
"2405","RPL8","CASC3"
"2406","RPL8","EEF1A1P5"
"2407","RPL8","EEF1G"
"2408","RPL8","EEF2"
"2409","RPL8","EFL1"
"2410","RPL8","EFTUD2"
"2411","RPL8","EIF1AX"
"2412","RPL8","EIF2S1"
"2413","RPL8","EIF2S2"
"2414","RPL8","EIF2S3"
"2415","RPL8","EIF3A"
"2416","RPL8","EIF3B"
"2417","RPL8","EIF3C"
"2418","RPL8","EIF3D"
"2419","RPL8","EIF3E"
"2420","RPL8","EIF3F"
"2421","RPL8","EIF3G"
"2422","RPL8","EIF3H"
"2423","RPL8","EIF3I"
"2424","RPL8","EIF3J"
"2425","RPL8","EIF3K"
"2426","RPL8","EIF4A2"
"2427","RPL8","EIF4A3"
"2428","RPL8","EIF4B"
"2429","RPL8","EIF4E"
"2430","RPL8","EIF4G1"
"2431","RPL8","EIF5"
"2432","RPL8","EIF5B"
"2433","RPL8","ETF1"
"2434","RPL8","FAU"
"2435","RPL8","GFM1"
"2436","RPL8","GFM2"
"2437","RPL8","IMP3"
"2438","RPL8","LSG1"
"2439","RPL8","MAGOH"
"2440","RPL8","MRPL1"
"2441","RPL8","MRPL11"
"2442","RPL8","MRPL12"
"2443","RPL8","MRPL15"
"2444","RPL8","MRPL16"
"2445","RPL8","MRPL17"
"2446","RPL8","MRPL19"
"2447","RPL8","MRPL20"
"2448","RPL8","MRPL22"
"2449","RPL8","MRPL24"
"2450","RPL8","MRPL27"
"2451","RPL8","MRPL3"
"2452","RPL8","MRPL32"
"2453","RPL8","MRPL33"
"2454","RPL8","MRPL36"
"2455","RPL8","MRPL4"
"2456","RPL8","MRPS10"
"2457","RPL8","MRPS11"
"2458","RPL8","MRPS14"
"2459","RPL8","MRPS15"
"2460","RPL8","MRPS18A"
"2461","RPL8","MRPS18C"
"2462","RPL8","MRPS2"
"2463","RPL8","MRPS5"
"2464","RPL8","MRPS6"
"2465","RPL8","MRPS7"
"2466","RPL8","MRPS9"
"2467","RPL8","MRTO4"
"2468","RPL8","NCBP1"
"2469","RPL8","NCBP2"
"2470","RPL8","NCL"
"2471","RPL8","NSA2"
"2472","RPL8","PA2G4"
"2473","RPL8","PLEC"
"2474","RPL8","POLR1E"
"2475","RPL8","POLR2A"
"2476","RPL8","POLR2B"
"2477","RPL8","POLR2C"
"2478","RPL8","POLR3A"
"2479","RPL8","PPP2CB"
"2480","RPL8","PPP2R1A"
"2481","RPL8","PPP2R2D"
"2482","RPL8","RACK1"
"2483","RPL8","RLIM"
"2484","RPL8","RNPS1"
"2485","RPL8","RPA1"
"2486","RPL8","RPA2"
"2487","RPL8","RPL10"
"2488","RPL8","RPL10A"
"2489","RPL8","RPL11"
"2490","RPL8","RPL12"
"2491","RPL8","RPL13"
"2492","RPL8","RPL13A"
"2493","RPL8","RPL14"
"2494","RPL8","RPL15"
"2495","RPL8","RPL17"
"2496","RPL8","RPL17-C18orf32"
"2497","RPL8","RPL18"
"2498","RPL8","RPL18A"
"2499","RPL8","RPL19"
"2500","RPL8","RPL21"
"2501","RPL8","RPL22"
"2502","RPL8","RPL22L1"
"2503","RPL8","RPL23"
"2504","RPL8","RPL23A"
"2505","RPL8","RPL24"
"2506","RPL8","RPL26"
"2507","RPL8","RPL26L1"
"2508","RPL8","RPL27"
"2509","RPL8","RPL27A"
"2510","RPL8","RPL28"
"2511","RPL8","RPL29"
"2512","RPL8","RPL3"
"2513","RPL8","RPL30"
"2514","RPL8","RPL31"
"2515","RPL8","RPL32"
"2516","RPL8","RPL34"
"2517","RPL8","RPL35"
"2518","RPL8","RPL35A"
"2519","RPL8","RPL36"
"2520","RPL8","RPL36A"
"2521","RPL8","RPL36AL"
"2522","RPL8","RPL37"
"2523","RPL8","RPL37A"
"2524","RPL8","RPL38"
"2525","RPL8","RPL39"
"2526","RPL8","RPL39L"
"2527","RPL8","RPL4"
"2528","RPL8","RPL41"
"2529","RPL8","RPL5"
"2530","RPL8","RPL6"
"2531","RPL8","RPL7"
"2532","RPL8","RPL7A"
"2533","RPL8","RPL7L1"
"2534","RPL8","RPL9P7"
"2535","RPL8","RPLP0P6"
"2536","RPL8","RPLP2"
"2537","RPL8","RPN1"
"2538","RPL8","RPN2"
"2539","RPL8","RPS10-NUDT3"
"2540","RPL8","RPS11"
"2541","RPL8","RPS12"
"2542","RPL8","RPS13"
"2543","RPL8","RPS14"
"2544","RPL8","RPS15"
"2545","RPL8","RPS15A"
"2546","RPL8","RPS16"
"2547","RPL8","RPS17"
"2548","RPL8","RPS18"
"2549","RPL8","RPS19"
"2550","RPL8","RPS2"
"2551","RPL8","RPS20"
"2552","RPL8","RPS21"
"2553","RPL8","RPS23"
"2554","RPL8","RPS24"
"2555","RPL8","RPS25"
"2556","RPL8","RPS26"
"2557","RPL8","RPS27"
"2558","RPL8","RPS27L"
"2559","RPL8","RPS28"
"2560","RPL8","RPS29"
"2561","RPL8","RPS3"
"2562","RPL8","RPS3A"
"2563","RPL8","RPS4X"
"2564","RPL8","RPS4Y1"
"2565","RPL8","RPS5"
"2566","RPL8","RPS6"
"2567","RPL8","RPS7"
"2568","RPL8","RPS8"
"2569","RPL8","RPS9"
"2570","RPL8","RPSA"
"2571","RPL8","RPSAP58"
"2572","RPL8","RRP1"
"2573","RPL8","RSL24D1"
"2574","RPL8","RSRC1"
"2575","RPL8","SEC11A"
"2576","RPL8","SEC11C"
"2577","RPL8","SEC61A1"
"2578","RPL8","SEC61A2"
"2579","RPL8","SEC61B"
"2580","RPL8","SEC61G"
"2581","RPL8","SMG1"
"2582","RPL8","SMG5"
"2583","RPL8","SMG6"
"2584","RPL8","SMG7"
"2585","RPL8","SMG8"
"2586","RPL8","SMG9"
"2587","RPL8","SNORA67"
"2588","RPL8","SPCS1"
"2589","RPL8","SPCS2"
"2590","RPL8","SPCS3"
"2591","RPL8","SRP14"
"2592","RPL8","SRP19"
"2593","RPL8","SRP54"
"2594","RPL8","SRP68"
"2595","RPL8","SRP72"
"2596","RPL8","SRP9"
"2597","RPL8","SRPRB"
"2598","RPL8","SSR1"
"2599","RPL8","SSR2"
"2600","RPL8","SSR3"
"2601","RPL8","TRAM1"
"2602","RPL8","TUFM"
"2603","RPL8","UBC"
"2604","RPL8","UPF1"
"2605","RPL8","UPF2"
"2606","RPL8","UPF3A"
"2607","RPL8","UPF3B"
"2608","RPL8","WBP1"
"2609","RPSA","CASC3"
"2610","RPSA","CCT4"
"2611","RPSA","EEF1A1P5"
"2612","RPSA","EEF1G"
"2613","RPSA","EEF2"
"2614","RPSA","EFL1"
"2615","RPSA","EFTUD2"
"2616","RPSA","EIF1AX"
"2617","RPSA","EIF2S1"
"2618","RPSA","EIF2S2"
"2619","RPSA","EIF2S3"
"2620","RPSA","EIF3A"
"2621","RPSA","EIF3B"
"2622","RPSA","EIF3C"
"2623","RPSA","EIF3D"
"2624","RPSA","EIF3E"
"2625","RPSA","EIF3F"
"2626","RPSA","EIF3G"
"2627","RPSA","EIF3H"
"2628","RPSA","EIF3I"
"2629","RPSA","EIF3J"
"2630","RPSA","EIF3K"
"2631","RPSA","EIF4A2"
"2632","RPSA","EIF4A3"
"2633","RPSA","EIF4B"
"2634","RPSA","EIF4E"
"2635","RPSA","EIF4G1"
"2636","RPSA","EIF5"
"2637","RPSA","EIF5B"
"2638","RPSA","ENO3"
"2639","RPSA","ETF1"
"2640","RPSA","FASLG"
"2641","RPSA","FAU"
"2642","RPSA","GFM1"
"2643","RPSA","GFM2"
"2644","RPSA","HSPA4"
"2645","RPSA","HSPA5"
"2646","RPSA","IMP3"
"2647","RPSA","KARS1"
"2648","RPSA","LAMA5"
"2649","RPSA","LAMB1"
"2650","RPSA","MAGOH"
"2651","RPSA","MRPL1"
"2652","RPSA","MRPL11"
"2653","RPSA","MRPL12"
"2654","RPSA","MRPL15"
"2655","RPSA","MRPL16"
"2656","RPSA","MRPL17"
"2657","RPSA","MRPL2"
"2658","RPSA","MRPL22"
"2659","RPSA","MRPL24"
"2660","RPSA","MRPL3"
"2661","RPSA","MRPL4"
"2662","RPSA","MRPS10"
"2663","RPSA","MRPS11"
"2664","RPSA","MRPS14"
"2665","RPSA","MRPS15"
"2666","RPSA","MRPS16"
"2667","RPSA","MRPS18A"
"2668","RPSA","MRPS18C"
"2669","RPSA","MRPS5"
"2670","RPSA","MRPS6"
"2671","RPSA","MRPS7"
"2672","RPSA","MRPS9"
"2673","RPSA","MRRF"
"2674","RPSA","MRTO4"
"2675","RPSA","NCBP1"
"2676","RPSA","NCBP2"
"2677","RPSA","NSA2"
"2678","RPSA","PLEC"
"2679","RPSA","POLR1E"
"2680","RPSA","POLR2C"
"2681","RPSA","PPP1CC"
"2682","RPSA","PPP1R16B"
"2683","RPSA","PPP2CB"
"2684","RPSA","PPP2R1A"
"2685","RPSA","PPP2R2D"
"2686","RPSA","PRNP"
"2687","RPSA","PSEN1"
"2688","RPSA","PTK2"
"2689","RPSA","RACK1"
"2690","RPSA","RLIM"
"2691","RPSA","RNPS1"
"2692","RPSA","RPL10"
"2693","RPSA","RPL10A"
"2694","RPSA","RPL11"
"2695","RPSA","RPL12"
"2696","RPSA","RPL13"
"2697","RPSA","RPL13A"
"2698","RPSA","RPL14"
"2699","RPSA","RPL15"
"2700","RPSA","RPL17"
"2701","RPSA","RPL17-C18orf32"
"2702","RPSA","RPL18"
"2703","RPSA","RPL18A"
"2704","RPSA","RPL19"
"2705","RPSA","RPL21"
"2706","RPSA","RPL22"
"2707","RPSA","RPL23"
"2708","RPSA","RPL23A"
"2709","RPSA","RPL24"
"2710","RPSA","RPL26"
"2711","RPSA","RPL26L1"
"2712","RPSA","RPL27"
"2713","RPSA","RPL27A"
"2714","RPSA","RPL28"
"2715","RPSA","RPL29"
"2716","RPSA","RPL3"
"2717","RPSA","RPL30"
"2718","RPSA","RPL31"
"2719","RPSA","RPL32"
"2720","RPSA","RPL34"
"2721","RPSA","RPL35"
"2722","RPSA","RPL35A"
"2723","RPSA","RPL36"
"2724","RPSA","RPL36A"
"2725","RPSA","RPL36AL"
"2726","RPSA","RPL37"
"2727","RPSA","RPL37A"
"2728","RPSA","RPL38"
"2729","RPSA","RPL39"
"2730","RPSA","RPL39L"
"2731","RPSA","RPL4"
"2732","RPSA","RPL41"
"2733","RPSA","RPL5"
"2734","RPSA","RPL6"
"2735","RPSA","RPL7"
"2736","RPSA","RPL7A"
"2737","RPSA","RPL7L1"
"2738","RPSA","RPL8"
"2739","RPSA","RPL9P7"
"2740","RPSA","RPLP0P6"
"2741","RPSA","RPLP2"
"2742","RPSA","RPN1"
"2743","RPSA","RPN2"
"2744","RPSA","RPS10-NUDT3"
"2745","RPSA","RPS11"
"2746","RPSA","RPS12"
"2747","RPSA","RPS13"
"2748","RPSA","RPS14"
"2749","RPSA","RPS15"
"2750","RPSA","RPS15A"
"2751","RPSA","RPS16"
"2752","RPSA","RPS17"
"2753","RPSA","RPS18"
"2754","RPSA","RPS19"
"2755","RPSA","RPS2"
"2756","RPSA","RPS20"
"2757","RPSA","RPS21"
"2758","RPSA","RPS23"
"2759","RPSA","RPS24"
"2760","RPSA","RPS25"
"2761","RPSA","RPS26"
"2762","RPSA","RPS27"
"2763","RPSA","RPS27L"
"2764","RPSA","RPS28"
"2765","RPSA","RPS29"
"2766","RPSA","RPS3"
"2767","RPSA","RPS3A"
"2768","RPSA","RPS4X"
"2769","RPSA","RPS4Y1"
"2770","RPSA","RPS5"
"2771","RPSA","RPS6"
"2772","RPSA","RPS7"
"2773","RPSA","RPS8"
"2774","RPSA","RPS9"
"2775","RPSA","RRP1"
"2776","RPSA","RSRC1"
"2777","RPSA","SEC11A"
"2778","RPSA","SEC11C"
"2779","RPSA","SEC61B"
"2780","RPSA","SEC61G"
"2781","RPSA","SERBP1"
"2782","RPSA","SMG1"
"2783","RPSA","SMG5"
"2784","RPSA","SMG6"
"2785","RPSA","SMG7"
"2786","RPSA","SMG8"
"2787","RPSA","SMG9"
"2788","RPSA","SNORA67"
"2789","RPSA","SNU13"
"2790","RPSA","SPCS1"
"2791","RPSA","SPCS2"
"2792","RPSA","SPCS3"
"2793","RPSA","SRP14"
"2794","RPSA","SRP19"
"2795","RPSA","SRP54"
"2796","RPSA","SRP68"
"2797","RPSA","SRP72"
"2798","RPSA","SRP9"
"2799","RPSA","SRPRB"
"2800","RPSA","SSR1"
"2801","RPSA","SSR2"
"2802","RPSA","SSR3"
"2803","RPSA","TCP1"
"2804","RPSA","TPT1"
"2805","RPSA","TRAM1"
"2806","RPSA","TUFM"
"2807","RPSA","UBC"
"2808","RPSA","UPF1"
"2809","RPSA","UPF2"
"2810","RPSA","UPF3A"
"2811","RPSA","UPF3B"
"2812","RPSA","WBP1"
"2813","SFPQ","CDC5L"
"2814","SFPQ","FUS"
"2815","SFPQ","HDAC1"
"2816","SFPQ","HNRNPA1"
"2817","SFPQ","MATR3"
"2818","SFPQ","NONO"
"2819","SFPQ","PSPC1"
"2820","SFPQ","PTBP1"
"2821","SFPQ","SIN3A"
"2822","SFPQ","SLTM"
"2823","SFPQ","SNRPA"
"2824","SFPQ","SUMO1"
"2825","SFPQ","TCERG1"
"2826","SFPQ","THRAP3"
"2827","SFPQ","U2AF2"
"2828","SFPQ","UBC"
"2829","SNRPA1","ALYREF"
"2830","SNRPA1","BUD31"
"2831","SNRPA1","CCAR1"
"2832","SNRPA1","CD2BP2"
"2833","SNRPA1","CDC40"
"2834","SNRPA1","CDC5L"
"2835","SNRPA1","CLP1"
"2836","SNRPA1","CPSF2"
"2837","SNRPA1","CPSF3"
"2838","SNRPA1","CPSF7"
"2839","SNRPA1","CRNKL1"
"2840","SNRPA1","CSTF1"
"2841","SNRPA1","CSTF2"
"2842","SNRPA1","CSTF3"
"2843","SNRPA1","CWC25"
"2844","SNRPA1","DDX23"
"2845","SNRPA1","DHX38"
"2846","SNRPA1","DHX9"
"2847","SNRPA1","DNAJC8"
"2848","SNRPA1","EFTUD2"
"2849","SNRPA1","FUS"
"2850","SNRPA1","GTF2F1"
"2851","SNRPA1","GTF2F2"
"2852","SNRPA1","HNRNPA0"
"2853","SNRPA1","HNRNPA1"
"2854","SNRPA1","HNRNPA2B1"
"2855","SNRPA1","HNRNPA3"
"2856","SNRPA1","HNRNPC"
"2857","SNRPA1","HNRNPD"
"2858","SNRPA1","HNRNPF"
"2859","SNRPA1","HNRNPH1"
"2860","SNRPA1","HNRNPK"
"2861","SNRPA1","HNRNPL"
"2862","SNRPA1","HNRNPM"
"2863","SNRPA1","HNRNPR"
"2864","SNRPA1","HNRNPU"
"2865","SNRPA1","HNRNPUL1"
"2866","SNRPA1","ISY1"
"2867","SNRPA1","LSM6"
"2868","SNRPA1","LUC7L"
"2869","SNRPA1","LUC7L2"
"2870","SNRPA1","MAGOH"
"2871","SNRPA1","MFAP1"
"2872","SNRPA1","NCBP1"
"2873","SNRPA1","NCBP2"
"2874","SNRPA1","NFX1"
"2875","SNRPA1","NUDT21"
"2876","SNRPA1","PABPN1"
"2877","SNRPA1","PAPOLA"
"2878","SNRPA1","PCBP1"
"2879","SNRPA1","PCBP2"
"2880","SNRPA1","PCF11"
"2881","SNRPA1","PHF5A"
"2882","SNRPA1","PLRG1"
"2883","SNRPA1","POLR2A"
"2884","SNRPA1","POLR2B"
"2885","SNRPA1","POLR2C"
"2886","SNRPA1","POLR2E"
"2887","SNRPA1","POLR2F"
"2888","SNRPA1","POLR2G"
"2889","SNRPA1","POLR2H"
"2890","SNRPA1","POLR2I"
"2891","SNRPA1","POLR2J"
"2892","SNRPA1","POLR2K"
"2893","SNRPA1","POLR2L"
"2894","SNRPA1","PRPF19"
"2895","SNRPA1","PRPF39"
"2896","SNRPA1","PRPF4"
"2897","SNRPA1","PRPF40A"
"2898","SNRPA1","PRPF6"
"2899","SNRPA1","PRPF8"
"2900","SNRPA1","PTBP1"
"2901","SNRPA1","RBM22"
"2902","SNRPA1","RBM25"
"2903","SNRPA1","RBM5"
"2904","SNRPA1","RBMX"
"2905","SNRPA1","RBP4"
"2906","SNRPA1","RNPC3"
"2907","SNRPA1","RNPS1"
"2908","SNRPA1","SART1"
"2909","SNRPA1","SF3A1"
"2910","SNRPA1","SF3A3"
"2911","SNRPA1","SF3B1"
"2912","SNRPA1","SF3B3"
"2913","SNRPA1","SF3B4"
"2914","SNRPA1","SF3B5"
"2915","SNRPA1","SNRNP200"
"2916","SNRPA1","SNRNP35"
"2917","SNRPA1","SNRNP40"
"2918","SNRPA1","SNRNP70"
"2919","SNRPA1","SNRPA"
"2920","SNRPA1","SNRPB"
"2921","SNRPA1","SNRPB2"
"2922","SNRPA1","SNRPC"
"2923","SNRPA1","SNRPD1"
"2924","SNRPA1","SNRPD2"
"2925","SNRPA1","SNRPD3"
"2926","SNRPA1","SNRPE"
"2927","SNRPA1","SNRPF"
"2928","SNRPA1","SNRPG"
"2929","SNRPA1","SNRPN"
"2930","SNRPA1","SNU13"
"2931","SNRPA1","SNW1"
"2932","SNRPA1","SRRM1"
"2933","SNRPA1","SRRM2"
"2934","SNRPA1","SRSF1"
"2935","SNRPA1","SRSF11"
"2936","SNRPA1","SRSF2"
"2937","SNRPA1","SRSF3"
"2938","SNRPA1","SRSF4"
"2939","SNRPA1","SRSF5"
"2940","SNRPA1","SRSF6"
"2941","SNRPA1","SRSF7"
"2942","SNRPA1","SRSF9"
"2943","SNRPA1","SUGP1"
"2944","SNRPA1","TCERG1"
"2945","SNRPA1","TFIP11"
"2946","SNRPA1","TXNL4A"
"2947","SNRPA1","U2AF1L4"
"2948","SNRPA1","U2AF2"
"2949","SNRPA1","UBC"
"2950","SNRPA1","UPF3B"
"2951","SNRPA1","YBX1"
"2952","SNRPA1","ZMAT2"
"2953","SNRPB2","ALYREF"
"2954","SNRPB2","CCAR1"
"2955","SNRPB2","CD2BP2"
"2956","SNRPB2","CDC40"
"2957","SNRPB2","CLP1"
"2958","SNRPB2","CPSF2"
"2959","SNRPB2","CPSF3"
"2960","SNRPB2","CPSF7"
"2961","SNRPB2","CSTF1"
"2962","SNRPB2","CSTF2"
"2963","SNRPB2","CSTF3"
"2964","SNRPB2","DDX23"
"2965","SNRPB2","DHX38"
"2966","SNRPB2","DHX9"
"2967","SNRPB2","DNAJC8"
"2968","SNRPB2","EFTUD2"
"2969","SNRPB2","FUS"
"2970","SNRPB2","GTF2F1"
"2971","SNRPB2","GTF2F2"
"2972","SNRPB2","HNRNPA0"
"2973","SNRPB2","HNRNPA1"
"2974","SNRPB2","HNRNPA2B1"
"2975","SNRPB2","HNRNPA3"
"2976","SNRPB2","HNRNPC"
"2977","SNRPB2","HNRNPD"
"2978","SNRPB2","HNRNPF"
"2979","SNRPB2","HNRNPH1"
"2980","SNRPB2","HNRNPK"
"2981","SNRPB2","HNRNPL"
"2982","SNRPB2","HNRNPM"
"2983","SNRPB2","HNRNPR"
"2984","SNRPB2","HNRNPU"
"2985","SNRPB2","HNRNPUL1"
"2986","SNRPB2","HRH1"
"2987","SNRPB2","MAGOH"
"2988","SNRPB2","NCBP1"
"2989","SNRPB2","NCBP2"
"2990","SNRPB2","NFX1"
"2991","SNRPB2","NUDT21"
"2992","SNRPB2","PABPN1"
"2993","SNRPB2","PAPOLA"
"2994","SNRPB2","PCBP1"
"2995","SNRPB2","PCBP2"
"2996","SNRPB2","PCF11"
"2997","SNRPB2","PHF5A"
"2998","SNRPB2","POLR2A"
"2999","SNRPB2","POLR2B"
"3000","SNRPB2","POLR2C"
"3001","SNRPB2","POLR2E"
"3002","SNRPB2","POLR2F"
"3003","SNRPB2","POLR2G"
"3004","SNRPB2","POLR2H"
"3005","SNRPB2","POLR2I"
"3006","SNRPB2","POLR2J"
"3007","SNRPB2","POLR2K"
"3008","SNRPB2","POLR2L"
"3009","SNRPB2","PRPF4"
"3010","SNRPB2","PRPF6"
"3011","SNRPB2","PRPF8"
"3012","SNRPB2","PTBP1"
"3013","SNRPB2","RBM5"
"3014","SNRPB2","RBMX"
"3015","SNRPB2","RBP4"
"3016","SNRPB2","RNPS1"
"3017","SNRPB2","SF3A1"
"3018","SNRPB2","SF3A3"
"3019","SNRPB2","SF3B1"
"3020","SNRPB2","SF3B3"
"3021","SNRPB2","SF3B5"
"3022","SNRPB2","SNRNP200"
"3023","SNRPB2","SNRNP40"
"3024","SNRPB2","SNRNP70"
"3025","SNRPB2","SNRPA"
"3026","SNRPB2","SNRPA1"
"3027","SNRPB2","SNRPB"
"3028","SNRPB2","SNRPC"
"3029","SNRPB2","SNRPD1"
"3030","SNRPB2","SNRPD2"
"3031","SNRPB2","SNRPD3"
"3032","SNRPB2","SNRPE"
"3033","SNRPB2","SNRPF"
"3034","SNRPB2","SNRPG"
"3035","SNRPB2","SNRPN"
"3036","SNRPB2","SNU13"
"3037","SNRPB2","SRRM1"
"3038","SNRPB2","SRSF1"
"3039","SNRPB2","SRSF11"
"3040","SNRPB2","SRSF2"
"3041","SNRPB2","SRSF3"
"3042","SNRPB2","SRSF4"
"3043","SNRPB2","SRSF5"
"3044","SNRPB2","SRSF6"
"3045","SNRPB2","SRSF7"
"3046","SNRPB2","SRSF9"
"3047","SNRPB2","SUGP1"
"3048","SNRPB2","TARDBP"
"3049","SNRPB2","TXNL4A"
"3050","SNRPB2","U2AF1L4"
"3051","SNRPB2","U2AF2"
"3052","SNRPB2","UBC"
"3053","SNRPB2","UPF3B"
"3054","SNRPB2","WBP4"
"3055","SNRPB2","YBX1"
"3056","SOD1","AKT1"
"3057","SOD1","BCL2"
"3058","SOD1","BRPF3"
"3059","SOD1","CAT"
"3060","SOD1","CCS"
"3061","SOD1","DERL1"
"3062","SOD1","DNAJB1"
"3063","SOD1","GPX1"
"3064","SOD1","GSTP1"
"3065","SOD1","HABP4"
"3066","SOD1","HSCB"
"3067","SOD1","HSPA4"
"3068","SOD1","MDH1"
"3069","SOD1","NFS1"
"3070","SOD1","NME1"
"3071","SOD1","NME2"
"3072","SOD1","NR4A1"
"3073","SOD1","P4HB"
"3074","SOD1","PARK7"
"3075","SOD1","PCBP1"
"3076","SOD1","PLEK"
"3077","SOD1","PRDX1"
"3078","SOD1","PRDX2"
"3079","SOD1","PRDX6"
"3080","SOD1","RNF19A"
"3081","SOD1","SOD2"
"3082","SOD1","STUB1"
"3083","SOD1","TARDBP"
"3084","SOD1","TLN1"
"3085","SOD1","TRAM1"
"3086","SOD1","TTN"
"3087","SOD1","TUBA4A"
"3088","SOD1","TXN"
"3089","SOD1","UBC"
"3090","SOD1","VCL"
"3091","SOD1","WDR1"
"3092","SOD2","AKT1"
"3093","SOD2","CAT"
"3094","SOD2","DECR1"
"3095","SOD2","EGR1"
"3096","SOD2","FOXO1"
"3097","SOD2","FOXO3"
"3098","SOD2","GPX1"
"3099","SOD2","NFE2L2"
"3100","SOD2","RAC2"
"3101","SOD2","RELA"
"3102","SOD2","SIRT1"
"3103","SOD2","SOD1"
"3104","SOD2","TNF"
"3105","SOD2","TP53"
"3106","SOD2","TXN2"
"3107","SOD2","UBC"
"3108","SRSF6","ALYREF"
"3109","SRSF6","C1QBP"
"3110","SRSF6","CCAR1"
"3111","SRSF6","CD2BP2"
"3112","SRSF6","CDC40"
"3113","SRSF6","CLK1"
"3114","SRSF6","CLP1"
"3115","SRSF6","CPSF2"
"3116","SRSF6","CPSF3"
"3117","SRSF6","CPSF7"
"3118","SRSF6","CSTF1"
"3119","SRSF6","CSTF2"
"3120","SRSF6","CSTF3"
"3121","SRSF6","DDX23"
"3122","SRSF6","DHX38"
"3123","SRSF6","DHX9"
"3124","SRSF6","DNAJC8"
"3125","SRSF6","DYRK1A"
"3126","SRSF6","EFTUD2"
"3127","SRSF6","FUS"
"3128","SRSF6","GALE"
"3129","SRSF6","GTF2F1"
"3130","SRSF6","GTF2F2"
"3131","SRSF6","HNRNPA0"
"3132","SRSF6","HNRNPA1"
"3133","SRSF6","HNRNPA2B1"
"3134","SRSF6","HNRNPA3"
"3135","SRSF6","HNRNPC"
"3136","SRSF6","HNRNPD"
"3137","SRSF6","HNRNPF"
"3138","SRSF6","HNRNPH1"
"3139","SRSF6","HNRNPK"
"3140","SRSF6","HNRNPL"
"3141","SRSF6","HNRNPM"
"3142","SRSF6","HNRNPR"
"3143","SRSF6","HNRNPU"
"3144","SRSF6","HNRNPUL1"
"3145","SRSF6","MAGOH"
"3146","SRSF6","MSI2"
"3147","SRSF6","NCBP1"
"3148","SRSF6","NCBP2"
"3149","SRSF6","NFX1"
"3150","SRSF6","NUDT21"
"3151","SRSF6","NUP107"
"3152","SRSF6","NUP133"
"3153","SRSF6","NUP153"
"3154","SRSF6","NUP155"
"3155","SRSF6","NUP160"
"3156","SRSF6","NUP188"
"3157","SRSF6","NUP205"
"3158","SRSF6","NUP210"
"3159","SRSF6","NUP214"
"3160","SRSF6","NUP35"
"3161","SRSF6","NUP37"
"3162","SRSF6","NUP43"
"3163","SRSF6","NUP50"
"3164","SRSF6","NUP54"
"3165","SRSF6","NUP62"
"3166","SRSF6","NUP85"
"3167","SRSF6","NUP88"
"3168","SRSF6","NUP93"
"3169","SRSF6","NXF1"
"3170","SRSF6","PABPN1"
"3171","SRSF6","PAPOLA"
"3172","SRSF6","PCBP1"
"3173","SRSF6","PCBP2"
"3174","SRSF6","PCF11"
"3175","SRSF6","PHF5A"
"3176","SRSF6","POLR2A"
"3177","SRSF6","POLR2B"
"3178","SRSF6","POLR2C"
"3179","SRSF6","POLR2E"
"3180","SRSF6","POLR2F"
"3181","SRSF6","POLR2G"
"3182","SRSF6","POLR2H"
"3183","SRSF6","POLR2I"
"3184","SRSF6","POLR2J"
"3185","SRSF6","POLR2K"
"3186","SRSF6","POLR2L"
"3187","SRSF6","PRPF4"
"3188","SRSF6","PRPF6"
"3189","SRSF6","PRPF8"
"3190","SRSF6","PTBP1"
"3191","SRSF6","RAE1"
"3192","SRSF6","RBM5"
"3193","SRSF6","RBMX"
"3194","SRSF6","RBP4"
"3195","SRSF6","RGPD8"
"3196","SRSF6","RNPS1"
"3197","SRSF6","SF3A1"
"3198","SRSF6","SF3A3"
"3199","SRSF6","SF3B1"
"3200","SRSF6","SF3B3"
"3201","SRSF6","SF3B5"
"3202","SRSF6","SNRNP200"
"3203","SRSF6","SNRNP35"
"3204","SRSF6","SNRNP40"
"3205","SRSF6","SNRNP70"
"3206","SRSF6","SNRPA"
"3207","SRSF6","SNRPA1"
"3208","SRSF6","SNRPB"
"3209","SRSF6","SNRPB2"
"3210","SRSF6","SNRPD1"
"3211","SRSF6","SNRPD2"
"3212","SRSF6","SNRPD3"
"3213","SRSF6","SNRPE"
"3214","SRSF6","SNRPF"
"3215","SRSF6","SNRPG"
"3216","SRSF6","SNU13"
"3217","SRSF6","SREK1"
"3218","SRSF6","SRPK1"
"3219","SRSF6","SRPK2"
"3220","SRSF6","SRRM1"
"3221","SRSF6","SRSF1"
"3222","SRSF6","SRSF11"
"3223","SRSF6","SRSF2"
"3224","SRSF6","SRSF3"
"3225","SRSF6","SRSF4"
"3226","SRSF6","SRSF5"
"3227","SRSF6","SRSF7"
"3228","SRSF6","SRSF9"
"3229","SRSF6","SUGP1"
"3230","SRSF6","TNPO3"
"3231","SRSF6","TPR"
"3232","SRSF6","TRA2B"
"3233","SRSF6","TXNL4A"
"3234","SRSF6","U2AF1L4"
"3235","SRSF6","U2AF2"
"3236","SRSF6","UBC"
"3237","SRSF6","UPF3B"
"3238","SRSF6","YBX1"
"3239","STAT3","A2M"
"3240","STAT3","ABL1"
"3241","STAT3","ADIPOR1"
"3242","STAT3","ADIPOR2"
"3243","STAT3","ADSS2"
"3244","STAT3","AKR1A1"
"3245","STAT3","AKT1"
"3246","STAT3","APEX1"
"3247","STAT3","BATF"
"3248","STAT3","BCL2"
"3249","STAT3","BCL3"
"3250","STAT3","BCL6"
"3251","STAT3","BHLHE40"
"3252","STAT3","BIRC5"
"3253","STAT3","BLK"
"3254","STAT3","CCND1"
"3255","STAT3","CCNK"
"3256","STAT3","CD44"
"3257","STAT3","CDC42"
"3258","STAT3","CDKN1A"
"3259","STAT3","CDKN1B"
"3260","STAT3","CEBPB"
"3261","STAT3","CEBPD"
"3262","STAT3","CFLAR"
"3263","STAT3","CREBBP"
"3264","STAT3","CSF2RA"
"3265","STAT3","CTNNB1"
"3266","STAT3","CTSB"
"3267","STAT3","CXCL8"
"3268","STAT3","CYLD"
"3269","STAT3","DAP"
"3270","STAT3","DECR1"
"3271","STAT3","DHX9"
"3272","STAT3","DNMT1"
"3273","STAT3","DUSP22"
"3274","STAT3","ECHS1"
"3275","STAT3","EED"
"3276","STAT3","EFL1"
"3277","STAT3","EGFR"
"3278","STAT3","EGR1"
"3279","STAT3","EIF2AK2"
"3280","STAT3","ELP2"
"3281","STAT3","EMB"
"3282","STAT3","EP300"
"3283","STAT3","ERBB3"
"3284","STAT3","EZH2"
"3285","STAT3","FER"
"3286","STAT3","FES"
"3287","STAT3","FGFR1OP"
"3288","STAT3","FGG"
"3289","STAT3","FLOT2"
"3290","STAT3","FOS"
"3291","STAT3","FOXO1"
"3292","STAT3","FOXO3"
"3293","STAT3","FRK"
"3294","STAT3","FXYD5"
"3295","STAT3","GADD45GIP1"
"3296","STAT3","GRB2"
"3297","STAT3","GSK3B"
"3298","STAT3","HCK"
"3299","STAT3","HDAC1"
"3300","STAT3","HDAC2"
"3301","STAT3","HDAC3"
"3302","STAT3","HDAC9"
"3303","STAT3","HES1"
"3304","STAT3","HIF1A"
"3305","STAT3","HSP90AA4P"
"3306","STAT3","HSPA4"
"3307","STAT3","HSPB1"
"3308","STAT3","ICAM1"
"3309","STAT3","ICOS"
"3310","STAT3","IFNG"
"3311","STAT3","IGF1"
"3312","STAT3","IKBKE"
"3313","STAT3","IL10"
"3314","STAT3","IL10RA"
"3315","STAT3","IL18"
"3316","STAT3","IL1B"
"3317","STAT3","IL21R"
"3318","STAT3","IL23A"
"3319","STAT3","IL24"
"3320","STAT3","IL27RA"
"3321","STAT3","IL2RA"
"3322","STAT3","IL2RB"
"3323","STAT3","IL2RG"
"3324","STAT3","IL32"
"3325","STAT3","IL6R"
"3326","STAT3","IL6ST"
"3327","STAT3","IRAK1"
"3328","STAT3","IRF1"
"3329","STAT3","IRF4"
"3330","STAT3","IRF9"
"3331","STAT3","JAK1"
"3332","STAT3","JAK2"
"3333","STAT3","JAK3"
"3334","STAT3","JUN"
"3335","STAT3","JUNB"
"3336","STAT3","KAT5"
"3337","STAT3","KDM6B"
"3338","STAT3","KLF11"
"3339","STAT3","KLF4"
"3340","STAT3","KPNA1"
"3341","STAT3","LAP3"
"3342","STAT3","LCK"
"3343","STAT3","LDHB"
"3344","STAT3","LMO4"
"3345","STAT3","LRPPRC"
"3346","STAT3","LYN"
"3347","STAT3","MAP1LC3B"
"3348","STAT3","MAP2K1"
"3349","STAT3","MAP2K2"
"3350","STAT3","MAP2K5"
"3351","STAT3","MAP3K7"
"3352","STAT3","MAP4K4"
"3353","STAT3","MAPK1"
"3354","STAT3","MAPK14"
"3355","STAT3","MAPK3"
"3356","STAT3","MAPK8"
"3357","STAT3","MCL1"
"3358","STAT3","ME2"
"3359","STAT3","MET"
"3360","STAT3","MIR3652"
"3361","STAT3","MTA3"
"3362","STAT3","MT-ND1"
"3363","STAT3","MTOR"
"3364","STAT3","MYC"
"3365","STAT3","MYD88"
"3366","STAT3","NAMPT"
"3367","STAT3","NCOA1"
"3368","STAT3","NDUFA13"
"3369","STAT3","NEK6"
"3370","STAT3","NFAT5"
"3371","STAT3","NFATC1"
"3372","STAT3","NFATC2"
"3373","STAT3","NFKB1"
"3374","STAT3","NFKBIA"
"3375","STAT3","NNMT"
"3376","STAT3","NOTCH1"
"3377","STAT3","NR3C1"
"3378","STAT3","OSM"
"3379","STAT3","PDIA3"
"3380","STAT3","PDLIM2"
"3381","STAT3","PEMT"
"3382","STAT3","PIAS1"
"3383","STAT3","PIAS2"
"3384","STAT3","PIAS3"
"3385","STAT3","PIK3CA"
"3386","STAT3","PIK3R1"
"3387","STAT3","PIM1"
"3388","STAT3","PKM"
"3389","STAT3","PLAU"
"3390","STAT3","PPIB"
"3391","STAT3","PPIF"
"3392","STAT3","PRKCD"
"3393","STAT3","PRKCE"
"3394","STAT3","PRKCQ"
"3395","STAT3","PRMT2"
"3396","STAT3","PTAFR"
"3397","STAT3","PTGER4"
"3398","STAT3","PTGS2"
"3399","STAT3","PTK2"
"3400","STAT3","PTPA"
"3401","STAT3","PTPN1"
"3402","STAT3","PTPN11"
"3403","STAT3","PTPN13"
"3404","STAT3","PTPN2"
"3405","STAT3","PTPRD"
"3406","STAT3","RAC1"
"3407","STAT3","RAF1"
"3408","STAT3","REL"
"3409","STAT3","RELA"
"3410","STAT3","RHOA"
"3411","STAT3","RHOC"
"3412","STAT3","RHOG"
"3413","STAT3","RPS6KA5"
"3414","STAT3","RUNX2"
"3415","STAT3","S1PR1"
"3416","STAT3","SETD7"
"3417","STAT3","SIN3A"
"3418","STAT3","SIRT1"
"3419","STAT3","SLC39A4"
"3420","STAT3","SLC39A6"
"3421","STAT3","SLK"
"3422","STAT3","SMAD7"
"3423","STAT3","SOCS1"
"3424","STAT3","SOCS2"
"3425","STAT3","SOCS3"
"3426","STAT3","SOCS4"
"3427","STAT3","SOCS5"
"3428","STAT3","SOCS7"
"3429","STAT3","SP1"
"3430","STAT3","SPI1"
"3431","STAT3","STAT1"
"3432","STAT3","STAT4"
"3433","STAT3","STAT5A"
"3434","STAT3","STAT5B"
"3435","STAT3","STAT6"
"3436","STAT3","STK11"
"3437","STAT3","SYK"
"3438","STAT3","TCF4"
"3439","STAT3","TIFA"
"3440","STAT3","TIMP1"
"3441","STAT3","TLR7"
"3442","STAT3","TNF"
"3443","STAT3","TNFRSF10A"
"3444","STAT3","TP53"
"3445","STAT3","TRAM1"
"3446","STAT3","TRIM28"
"3447","STAT3","TRPS1"
"3448","STAT3","TYK2"
"3449","STAT3","TYROBP"
"3450","STAT3","UBC"
"3451","STAT3","USP7"
"3452","STAT3","VEGFA"
"3453","STAT3","VMP1"
"3454","STAT3","YES1"
"3455","STAT3","YWHAZ"
"3456","STAT3","ZEB1"
"3457","SYNCRIP","CSDE1"
"3458","SYNCRIP","DHX9"
"3459","SYNCRIP","GAPDH"
"3460","SYNCRIP","HNRNPA1"
"3461","SYNCRIP","HNRNPD"
"3462","SYNCRIP","HNRNPH1"
"3463","SYNCRIP","HNRNPK"
"3464","SYNCRIP","HNRNPU"
"3465","SYNCRIP","PAIP1"
"3466","SYNCRIP","RLIM"
"3467","SYNCRIP","RPL13A"
"3468","SYNCRIP","RPS6"
"3469","SYNCRIP","SMN2"
"3470","SYNCRIP","SYT11"
"3471","SYNCRIP","TARDBP"
"3472","SYNCRIP","TP53"
"3473","SYNCRIP","UBC"
"3474","SYNCRIP","YBX1"
"3475","SYNCRIP","ZBP1"
"3476","TRA2B","HIPK3"
"3477","TRA2B","HNRNPA1"
"3478","TRA2B","HNRNPA1L2"
"3479","TRA2B","MAGOH"
"3480","TRA2B","RBMS2"
"3481","TRA2B","RBMX"
"3482","TRA2B","RBMXL1"
"3483","TRA2B","RNPS1"
"3484","TRA2B","SRSF1"
"3485","TRA2B","SRSF2"
"3486","TRA2B","SRSF3"
"3487","TRA2B","SRSF4"
"3488","TRA2B","SRSF5"
"3489","TRA2B","SRSF6"
"3490","TRA2B","SRSF7"
"3491","TRA2B","SRSF9"
"3492","TRA2B","UBC"
"3493","UBE2I","ACTN1"
"3494","UBE2I","ACTN4"
"3495","UBE2I","AKT1"
"3496","UBE2I","ATF3"
"3497","UBE2I","BCL11A"
"3498","UBE2I","BLM"
"3499","UBE2I","CREBBP"
"3500","UBE2I","CTBP1"
"3501","UBE2I","CTBP2"
"3502","UBE2I","CUL1"
"3503","UBE2I","DAXX"
"3504","UBE2I","DNMT1"
"3505","UBE2I","DNMT3A"
"3506","UBE2I","EMB"
"3507","UBE2I","EP300"
"3508","UBE2I","FAS"
"3509","UBE2I","FBH1"
"3510","UBE2I","FHIT"
"3511","UBE2I","HDAC1"
"3512","UBE2I","HDAC4"
"3513","UBE2I","HIC1"
"3514","UBE2I","HIPK2"
"3515","UBE2I","HMGA1"
"3516","UBE2I","HSF2"
"3517","UBE2I","HSPB1"
"3518","UBE2I","JUN"
"3519","UBE2I","MAF"
"3520","UBE2I","MAP3K1"
"3521","UBE2I","MDM2"
"3522","UBE2I","MEF2C"
"3523","UBE2I","MITF"
"3524","UBE2I","NFATC2IP"
"3525","UBE2I","NSMCE2"
"3526","UBE2I","NUP153"
"3527","UBE2I","NUP210"
"3528","UBE2I","NUP214"
"3529","UBE2I","NUP62"
"3530","UBE2I","PARP1"
"3531","UBE2I","PCNA"
"3532","UBE2I","PIAS1"
"3533","UBE2I","PIAS2"
"3534","UBE2I","PIAS3"
"3535","UBE2I","PML"
"3536","UBE2I","POT1"
"3537","UBE2I","PTENP1"
"3538","UBE2I","RAD18"
"3539","UBE2I","RAD21"
"3540","UBE2I","RAD51B"
"3541","UBE2I","RAD51D"
"3542","UBE2I","RAD52"
"3543","UBE2I","RANBP1"
"3544","UBE2I","RANGAP1"
"3545","UBE2I","RANP1"
"3546","UBE2I","RBMS1"
"3547","UBE2I","RBX1"
"3548","UBE2I","REC8"
"3549","UBE2I","RFFL"
"3550","UBE2I","RGPD2"
"3551","UBE2I","RGPD3"
"3552","UBE2I","RGPD4"
"3553","UBE2I","RGPD6"
"3554","UBE2I","RGPD8"
"3555","UBE2I","SAE1"
"3556","UBE2I","SATB1"
"3557","UBE2I","SCP2"
"3558","UBE2I","SENP1"
"3559","UBE2I","SENP2"
"3560","UBE2I","SENP5"
"3561","UBE2I","SENP6"
"3562","UBE2I","SENP7"
"3563","UBE2I","SF1"
"3564","UBE2I","SHMT1"
"3565","UBE2I","SIAH1"
"3566","UBE2I","SIAH2"
"3567","UBE2I","SKIL"
"3568","UBE2I","SKP1"
"3569","UBE2I","SMAD4"
"3570","UBE2I","SMC3"
"3571","UBE2I","SOX4"
"3572","UBE2I","SP100"
"3573","UBE2I","STAG2"
"3574","UBE2I","STAG3"
"3575","UBE2I","STAT1"
"3576","UBE2I","SUGP1"
"3577","UBE2I","SUMO1"
"3578","UBE2I","SUMO3"
"3579","UBE2I","SUN1"
"3580","UBE2I","SUN2"
"3581","UBE2I","SUZ12"
"3582","UBE2I","SYCP3"
"3583","UBE2I","SYNE1"
"3584","UBE2I","SYNE2"
"3585","UBE2I","TCERG1"
"3586","UBE2I","TERF1"
"3587","UBE2I","TERF2"
"3588","UBE2I","TERF2IP"
"3589","UBE2I","TINF2"
"3590","UBE2I","TOP1"
"3591","UBE2I","TP53"
"3592","UBE2I","TPP1"
"3593","UBE2I","TRAF3"
"3594","UBE2I","TRIM28"
"3595","UBE2I","TRIM33"
"3596","UBE2I","UBA1"
"3597","UBE2I","UBA2"
"3598","UBE2I","UBC"
"3599","UBE2I","UBE2K"
"3600","UBE2I","UBE2V2"
"3601","UBE2I","WRN"
"3602","UBE2I","YY1"
"3603","UBE2I","ZBTB16"
"3604","UBE2I","ZHX1"
"3605","UBE2I","ZMIZ1"
"3606","UBE2I","ZMIZ2"
"3607","UBE2I","ZNF148"
"3608","UQCRQ","BCS1L"
"3609","UQCRQ","COA6"
"3610","UQCRQ","COX4I1"
"3611","UQCRQ","COX5A"
"3612","UQCRQ","COX5B"
"3613","UQCRQ","COX6A1"
"3614","UQCRQ","COX6A1P2"
"3615","UQCRQ","COX6B1"
"3616","UQCRQ","COX6C"
"3617","UQCRQ","COX7A2L"
"3618","UQCRQ","COX7C"
"3619","UQCRQ","COX8A"
"3620","UQCRQ","CYC1"
"3621","UQCRQ","CYCS"
"3622","UQCRQ","GATC"
"3623","UQCRQ","MADD"
"3624","UQCRQ","MT-CO1"
"3625","UQCRQ","MT-CO2"
"3626","UQCRQ","MT-CO3"
"3627","UQCRQ","MT-CYB"
"3628","UQCRQ","MT-ND1"
"3629","UQCRQ","MT-ND2"
"3630","UQCRQ","MT-ND3"
"3631","UQCRQ","MT-ND4"
"3632","UQCRQ","MT-ND4L"
"3633","UQCRQ","MT-ND5"
"3634","UQCRQ","MT-ND6"
"3635","UQCRQ","NDUFA1"
"3636","UQCRQ","NDUFA10"
"3637","UQCRQ","NDUFA11"
"3638","UQCRQ","NDUFA12"
"3639","UQCRQ","NDUFA13"
"3640","UQCRQ","NDUFA2"
"3641","UQCRQ","NDUFA4"
"3642","UQCRQ","NDUFA5"
"3643","UQCRQ","NDUFA6"
"3644","UQCRQ","NDUFA8"
"3645","UQCRQ","NDUFA9"
"3646","UQCRQ","NDUFAB1"
"3647","UQCRQ","NDUFB1"
"3648","UQCRQ","NDUFB10"
"3649","UQCRQ","NDUFB11"
"3650","UQCRQ","NDUFB2"
"3651","UQCRQ","NDUFB3"
"3652","UQCRQ","NDUFB4"
"3653","UQCRQ","NDUFB5"
"3654","UQCRQ","NDUFB6"
"3655","UQCRQ","NDUFB7"
"3656","UQCRQ","NDUFB8"
"3657","UQCRQ","NDUFB9"
"3658","UQCRQ","NDUFC1"
"3659","UQCRQ","NDUFC2-KCTD14"
"3660","UQCRQ","NDUFS1"
"3661","UQCRQ","NDUFS2"
"3662","UQCRQ","NDUFS3"
"3663","UQCRQ","NDUFS4"
"3664","UQCRQ","NDUFS5"
"3665","UQCRQ","NDUFS6"
"3666","UQCRQ","NDUFS7"
"3667","UQCRQ","NDUFS8"
"3668","UQCRQ","NDUFV1"
"3669","UQCRQ","NDUFV2"
"3670","UQCRQ","NDUFV3"
"3671","UQCRQ","PMPCB"
"3672","UQCRQ","SDHA"
"3673","UQCRQ","SDHB"
"3674","UQCRQ","SDHC"
"3675","UQCRQ","SDHD"
"3676","UQCRQ","TAF7"
"3677","UQCRQ","UQCR10"
"3678","UQCRQ","UQCR11"
"3679","UQCRQ","UQCRB"
"3680","UQCRQ","UQCRC1"
"3681","UQCRQ","UQCRC2"
"3682","UQCRQ","UQCRFS1P1"
"3683","UQCRQ","UQCRHL"
